antecedents,consequents,antecedent support,consequent support,support,confidence,lift,representativity,leverage,conviction,zhangs_metric,jaccard,certainty,kulczynski,antecedents_str,consequents_str
DRY NOODLES/PASTA,PASTA SAUCE,0.04763827210335083,0.042928273449064726,0.024491993002287715,0.5141242937853108,11.97635619786409,1.0,0.02244696423079412,1.969787158133902,0.962346682567115,0.3706720977596742,0.4923309374463785,0.5423286045729062,DRY NOODLES/PASTA,PASTA SAUCE
PASTA SAUCE,DRY NOODLES/PASTA,0.042928273449064726,0.04763827210335083,0.024491993002287715,0.5705329153605017,11.976356197864089,1.0,0.02244696423079412,2.2175430014527824,0.9576107244836154,0.3706720977596742,0.5490504583925234,0.5423286045729062,PASTA SAUCE,DRY NOODLES/PASTA
CHEESES,DELI MEATS,0.03794913201453371,0.06567083837976047,0.025837706903512312,0.6808510638297872,10.36763167073596,1.0,0.023345555588333674,2.9275647064100836,0.9391872989229263,0.3321799307958477,0.6584191639520595,0.5371468433903034,CHEESES,DELI MEATS
"CHEESE, COLD CEREAL","BAKED BREAD/BUNS/ROLLS, FLUID MILK PRODUCTS",0.03902570313551339,0.1032162562239268,0.020589422688736373,0.5275862068965517,5.11146428089736,1.0,0.01656133571458232,1.898301355438403,0.8370269080418425,0.16924778761061945,0.4732132508175683,0.36353234725531625,"CHEESE, COLD CEREAL","BAKED BREAD/BUNS/ROLLS, FLUID MILK PRODUCTS"
APPLES,TROPICAL FRUIT,0.04319741622930965,0.12663167810523482,0.023684564661552953,0.5482866043613707,4.329774449531717,1.0,0.018214403354625167,1.9334567677808248,0.8037615074798619,0.16206261510128914,0.48279164206615494,0.36766083671841115,APPLES,TROPICAL FRUIT
PORK,BEEF,0.04279370205894227,0.1438568160409097,0.025703135513389853,0.60062893081761,4.1751857669837795,1.0,0.019546969788587096,2.1437286023542574,0.7944888166567666,0.1596989966555184,0.5335230406956397,0.38965029328532513,PORK,BEEF
"BAG SNACKS, BAKED BREAD/BUNS/ROLLS, BEEF",CHEESE,0.03202799084914547,0.16431166733952363,0.021396851029471135,0.6680672268907564,4.065853859971507,1.0,0.016134278451513037,2.5176433313062456,0.7789989743697356,0.1223076923076923,0.6028031502456056,0.3991441785559433,"BAG SNACKS, BAKED BREAD/BUNS/ROLLS, BEEF",CHEESE
"BAKED BREAD/BUNS/ROLLS, MILK BY-PRODUCTS",CHEESE,0.034181133091104834,0.16431166733952363,0.022742564930695736,0.6653543307086613,4.049343187138462,1.0,0.017126205960942137,2.497233370538364,0.779697307226487,0.12940275650842267,0.5995568488721518,0.40188273455989987,"BAKED BREAD/BUNS/ROLLS, MILK BY-PRODUCTS",CHEESE
"FLUID MILK PRODUCTS, MILK BY-PRODUCTS",CHEESE,0.032431705019512855,0.16431166733952363,0.020454851298613914,0.6307053941908713,3.8384699297562364,1.0,0.015125943772194159,2.262931327766009,0.7642659761364468,0.11603053435114502,0.5580952953675306,0.37759675933949793,"FLUID MILK PRODUCTS, MILK BY-PRODUCTS",CHEESE
"FLUID MILK PRODUCTS, SALD DRSNG/SNDWCH SPRD",CHEESE,0.03566141838245189,0.16431166733952363,0.022473422150450815,0.6301886792452831,3.835325205136526,1.0,0.016613835036337808,2.259769470969656,0.7666041068853083,0.12661106899166033,0.5574769847780513,0.3834809080092099,"FLUID MILK PRODUCTS, SALD DRSNG/SNDWCH SPRD",CHEESE
"BAKED BREAD/BUNS/ROLLS, VEGETABLES - SHELF STABLE",BEEF,0.03808370340465617,0.1438568160409097,0.020993136859103756,0.5512367491166078,3.8318431082184405,1.0,0.015514536544263567,1.9077836303970281,0.7682882427216506,0.13043478260869568,0.47583154396188504,0.34858376277158737,"BAKED BREAD/BUNS/ROLLS, VEGETABLES - SHELF STABLE",BEEF
"BAG SNACKS, BAKED BREAD/BUNS/ROLLS, CHEESE",BEEF,0.03929484591575831,0.1438568160409097,0.021396851029471135,0.5445205479452054,3.7851564001691504,1.0,0.015744019609212,1.8796527046319875,0.7659062938011683,0.132279534109817,0.467986826749579,0.3466288427284493,"BAG SNACKS, BAKED BREAD/BUNS/ROLLS, CHEESE",BEEF
"BAKED BREAD/BUNS/ROLLS, CRACKERS/MISC BKD FD",CHEESE,0.03902570313551339,0.16431166733952363,0.024222850222042795,0.6206896551724138,3.7775141913072945,1.0,0.017810471870749314,2.203178331559438,0.7651356019231667,0.135236664162284,0.5461102781942362,0.3840549012962806,"BAKED BREAD/BUNS/ROLLS, CRACKERS/MISC BKD FD",CHEESE
"BAG SNACKS, BAKED BREAD/BUNS/ROLLS, FLUID MILK PRODUCTS",CHEESE,0.03969856008612569,0.16431166733952363,0.024626564392410174,0.6203389830508474,3.7753800024986464,1.0,0.018103627793680598,2.2011433762039334,0.7655158788502536,0.13728432108027008,0.5456906574961107,0.38510806646399864,"BAG SNACKS, BAKED BREAD/BUNS/ROLLS, FLUID MILK PRODUCTS",CHEESE
"BAKED BREAD/BUNS/ROLLS, SALD DRSNG/SNDWCH SPRD",CHEESE,0.03821827479477863,0.16431166733952363,0.023146279101063115,0.6056338028169015,3.685884347856179,1.0,0.016866570646692947,2.1190668435319227,0.7576507950969832,0.12903225806451613,0.5280941688780024,0.3732509718425212,"BAKED BREAD/BUNS/ROLLS, SALD DRSNG/SNDWCH SPRD",CHEESE
"CHEESE, HOT DOGS",BAKED BREAD/BUNS/ROLLS,0.024895707172655095,0.2228502220427937,0.020320279908491456,0.8162162162162162,3.6626224050137095,1.0,0.014772266037152896,4.2286090859436225,0.7455321319092699,0.0893491124260355,0.7635156195156195,0.4536998955477216,"CHEESE, HOT DOGS",BAKED BREAD/BUNS/ROLLS
PASTA SAUCE,BEEF,0.042928273449064726,0.1438568160409097,0.022607993540573273,0.5266457680250783,3.660902434232327,1.0,0.016432468804057302,1.8086733488937072,0.759444968932455,0.1377049180327869,0.44710856683344186,0.3419009943960752,PASTA SAUCE,BEEF
"BAG SNACKS, BEEF",CHEESE,0.04629255820212623,0.16431166733952363,0.027721706365226754,0.5988372093023255,3.6445203131249637,1.0,0.020115298941623453,2.08316511909568,0.7608365378424327,0.1515820456217807,0.5199612403100775,0.3837756890082471,"BAG SNACKS, BEEF",CHEESE
"BAKED BREAD/BUNS/ROLLS, BEEF, FLUID MILK PRODUCTS",CHEESE,0.03929484591575831,0.16431166733952363,0.023280850491185574,0.5924657534246575,3.6057436639628415,1.0,0.016824248840917655,2.050596580982009,0.7522231947448154,0.1291044776119403,0.5123370392429355,0.3670764475558996,"BAKED BREAD/BUNS/ROLLS, BEEF, FLUID MILK PRODUCTS",CHEESE
"BAKED BREAD/BUNS/ROLLS, CHEESE, SOFT DRINKS",BEEF,0.04185170232808505,0.1438568160409097,0.021665993809716056,0.5176848874598071,3.59861215969488,1.0,0.015645341166905812,1.775070201408514,0.7536569195338125,0.13207547169811323,0.43664199916910196,0.33414646618079225,"BAKED BREAD/BUNS/ROLLS, CHEESE, SOFT DRINKS",BEEF
"BAKED BREAD/BUNS/ROLLS, SOUP",CHEESE,0.03512313282196205,0.16431166733952363,0.020723994078858835,0.5900383141762453,3.5909702806254535,1.0,0.014952853562694704,2.0384547179849006,0.7477884040645547,0.11596385542168675,0.5094323208765988,0.35808222015118574,"BAKED BREAD/BUNS/ROLLS, SOUP",CHEESE
"BAKED BREAD/BUNS/ROLLS, FROZEN PIZZA",BAG SNACKS,0.03794913201453371,0.1586596689543803,0.021531422419593594,0.5673758865248226,3.5760561601068335,1.0,0.0155104256970616,1.9447374865152844,0.7487778010910617,0.12298232129131438,0.4857917806727378,0.3515420569180517,"BAKED BREAD/BUNS/ROLLS, FROZEN PIZZA",BAG SNACKS
"DINNER MXS:DRY, FLUID MILK PRODUCTS",BAKED BREAD/BUNS/ROLLS,0.025972278293634774,0.2228502220427937,0.020589422688736373,0.7927461139896372,3.5573045731020496,1.0,0.014801494704042632,3.7497476786435193,0.7380573118996148,0.09021226415094338,0.7333153892739384,0.44256870916873164,"DINNER MXS:DRY, FLUID MILK PRODUCTS",BAKED BREAD/BUNS/ROLLS
"BAKED BREAD/BUNS/ROLLS, COLD CEREAL, FLUID MILK PRODUCTS",CHEESE,0.03525770421208451,0.16431166733952363,0.020589422688736373,0.5839694656488549,3.5540352983101067,1.0,0.014796170523085022,2.008718744560044,0.7448929076442964,0.11503759398496238,0.50217022531991,0.3546382954779901,"BAKED BREAD/BUNS/ROLLS, COLD CEREAL, FLUID MILK PRODUCTS",CHEESE
"FROZEN PIZZA, SOFT DRINKS",BAG SNACKS,0.03969856008612569,0.1586596689543803,0.022338850760328353,0.5627118644067796,3.5466597662483283,1.0,0.016040290359098076,1.923995330685719,0.7477283010967638,0.12691131498470948,0.4802482188750446,0.35175457512111663,"FROZEN PIZZA, SOFT DRINKS",BAG SNACKS
"CONDIMENTS/SAUCES, FLUID MILK PRODUCTS",CHEESE,0.03741084645404387,0.16431166733952363,0.021800565199838515,0.5827338129496403,3.5465151220546907,1.0,0.01565352664239166,2.0027703144794176,0.745939284734196,0.12116679132385941,0.5006916206165503,0.3577059728138865,"CONDIMENTS/SAUCES, FLUID MILK PRODUCTS",CHEESE
"FLUID MILK PRODUCTS, VEGETABLES - SHELF STABLE",CHEESE,0.03579598977257435,0.16431166733952363,0.020858565468981294,0.5827067669172932,3.54635052003473,1.0,0.014976866705381068,2.0026405088980783,0.7446764063660717,0.11636636636636635,0.5006592568377465,0.35482594693121006,"FLUID MILK PRODUCTS, VEGETABLES - SHELF STABLE",CHEESE
"BAKED BREAD/BUNS/ROLLS, BEEF, CHEESE",BAG SNACKS,0.03808370340465617,0.1586596689543803,0.021396851029471135,0.5618374558303887,3.541148544763035,1.0,0.015354503254731582,1.9201557555315352,0.7460168301464455,0.12202609363008443,0.47920891463141685,0.348348753360487,"BAKED BREAD/BUNS/ROLLS, BEEF, CHEESE",BAG SNACKS
HISPANIC,BEEF,0.04925312878482035,0.1438568160409097,0.025030278562777553,0.5081967213114754,3.532656535140855,1.0,0.01794488027574042,1.7408244740501502,0.7540670730315276,0.1489191353082466,0.42555954669373997,0.3410955542946526,HISPANIC,BEEF
"BAKED BREAD/BUNS/ROLLS, CONDIMENTS/SAUCES",BEEF,0.045619701251513926,0.1438568160409097,0.023146279101063115,0.5073746312684366,3.5269418942523414,1.0,0.01658357413028282,1.7379193973780338,0.7507156770157007,0.13915857605177995,0.4245993217472104,0.33413633340783855,"BAKED BREAD/BUNS/ROLLS, CONDIMENTS/SAUCES",BEEF
"BAKED BREAD/BUNS/ROLLS, BEEF, SOFT DRINKS",CHEESE,0.03741084645404387,0.16431166733952363,0.021665993809716056,0.5791366906474821,3.524623053400032,1.0,0.015518955252269203,1.9856526194838673,0.7441198715215699,0.12032884902840062,0.4963872380356585,0.355497911253307,"BAKED BREAD/BUNS/ROLLS, BEEF, SOFT DRINKS",CHEESE
"BAKED BREAD/BUNS/ROLLS, BEEF, SOFT DRINKS",BAG SNACKS,0.03741084645404387,0.1586596689543803,0.020858565468981294,0.5575539568345323,3.514150511651747,1.0,0.014922972955279543,1.9015659514689613,0.743241500295387,0.11904761904761903,0.4741176348748256,0.3445106510211678,"BAKED BREAD/BUNS/ROLLS, BEEF, SOFT DRINKS",BAG SNACKS
"CRACKERS/MISC BKD FD, FLUID MILK PRODUCTS",CHEESE,0.035930561162696814,0.16431166733952363,0.020723994078858835,0.5767790262172284,3.510274319263083,1.0,0.01482018366577139,1.974591016109267,0.7417743479301268,0.1154422788605697,0.4935660134976207,0.35145257617167724,"CRACKERS/MISC BKD FD, FLUID MILK PRODUCTS",CHEESE
"BAKED BREAD/BUNS/ROLLS, CHEESE, SOFT DRINKS",BAG SNACKS,0.04185170232808505,0.1586596689543803,0.023280850491185574,0.5562700964630225,3.506058597808923,1.0,0.016640673254634333,1.8960640793854182,0.7460008443203222,0.1313591495823842,0.47259166455801666,0.3515023086216724,"BAKED BREAD/BUNS/ROLLS, CHEESE, SOFT DRINKS",BAG SNACKS
"FLUID MILK PRODUCTS, LUNCHMEAT",CHEESE,0.04400484457004441,0.16431166733952363,0.025299421343022474,0.5749235474006116,3.4989818843029847,1.0,0.018068911960701893,1.9659718329494658,0.7470776128522139,0.13823529411764704,0.49134571348372696,0.36444785068638275,"FLUID MILK PRODUCTS, LUNCHMEAT",CHEESE
"BEEF, CHEESE, SOFT DRINKS",BAKED BREAD/BUNS/ROLLS,0.027856277755349212,0.2228502220427937,0.021665993809716056,0.7777777777777779,3.4901368760064417,1.0,0.01545821612665075,3.4971740008074303,0.733922638822971,0.09459459459459461,0.7140548340548342,0.43750000000000006,"BEEF, CHEESE, SOFT DRINKS",BAKED BREAD/BUNS/ROLLS
"BAKED BREAD/BUNS/ROLLS, EGGS",CHEESE,0.04844570044408559,0.16431166733952363,0.027721706365226754,0.5722222222222222,3.4825416325416323,1.0,0.01976151254982795,1.9535571412842303,0.7491463148399108,0.14981818181818182,0.48811325818572193,0.3704681954681954,"BAKED BREAD/BUNS/ROLLS, EGGS",CHEESE
"BAG SNACKS, BEEF, SOFT DRINKS",BAKED BREAD/BUNS/ROLLS,0.02691427802449199,0.2228502220427937,0.020858565468981294,0.775,3.4776721014492753,1.0,0.014860712635101771,3.4539990131431395,0.7321567980157119,0.09112286890064668,0.7104805194805195,0.43429951690821256,"BAG SNACKS, BEEF, SOFT DRINKS",BAKED BREAD/BUNS/ROLLS
PASTA SAUCE,CHEESE,0.042928273449064726,0.16431166733952363,0.024491993002287715,0.5705329153605017,3.472260519282463,1.0,0.017438376815864888,1.9458728329831534,0.7439392019678859,0.13402061855670105,0.48609180258355683,0.35979553220932536,PASTA SAUCE,CHEESE
"CHEESE, COOKIES/CONES",BAKED BREAD/BUNS/ROLLS,0.027183420804736912,0.2228502220427937,0.020993136859103756,0.7722772277227723,3.4654541541110633,1.0,0.014935305496885438,3.4127011988555584,0.7313172371963353,0.09165687426556993,0.706976983412627,0.43324006313674845,"CHEESE, COOKIES/CONES",BAKED BREAD/BUNS/ROLLS
"BAG SNACKS, BEEF, CHEESE",BAKED BREAD/BUNS/ROLLS,0.027721706365226754,0.2228502220427937,0.021396851029471135,0.7718446601941747,3.4635130856901646,1.0,0.015219062610575226,3.4062309416847762,0.7315557876868839,0.09336465061655902,0.7064203757407641,0.43392957647389896,"BAG SNACKS, BEEF, CHEESE",BAKED BREAD/BUNS/ROLLS
"BAG SNACKS, CHEESE, FLUID MILK PRODUCTS",BAKED BREAD/BUNS/ROLLS,0.03202799084914547,0.2228502220427937,0.024626564392410174,0.7689075630252101,3.4503333942272563,1.0,0.017489119520093542,3.3629390391602754,0.7336709414663163,0.10695499707773232,0.7026410564225691,0.4397074047010109,"BAG SNACKS, CHEESE, FLUID MILK PRODUCTS",BAKED BREAD/BUNS/ROLLS
"BAKED BREAD/BUNS/ROLLS, LUNCHMEAT",CHEESE,0.04979141434531019,0.16431166733952363,0.02799084914547167,0.5621621621621621,3.421316156451291,1.0,0.01980953883520068,1.9086708832368902,0.7447994400444479,0.1503976861894432,0.47607520564042294,0.3662571662571662,"BAKED BREAD/BUNS/ROLLS, LUNCHMEAT",CHEESE
"FLUID MILK PRODUCTS, SOFT DRINKS, TROPICAL FRUIT",BAKED BREAD/BUNS/ROLLS,0.026645135244247074,0.2228502220427937,0.020185708518368994,0.7575757575757575,3.3994839701361435,1.0,0.014247834212828266,3.2057428340734746,0.7251596847781004,0.0880281690140845,0.6880598189689098,0.4240777338603425,"FLUID MILK PRODUCTS, SOFT DRINKS, TROPICAL FRUIT",BAKED BREAD/BUNS/ROLLS
"BEEF, FLUID MILK PRODUCTS, SOFT DRINKS",BAKED BREAD/BUNS/ROLLS,0.03041313416767595,0.2228502220427937,0.023011707710940653,0.7566371681415929,3.3952722200846477,1.0,0.01623413400865679,3.193379087605974,0.7276014463640016,0.09994155464640561,0.6868520859671302,0.42994901885340514,"BEEF, FLUID MILK PRODUCTS, SOFT DRINKS",BAKED BREAD/BUNS/ROLLS
"BAKED BREAD/BUNS/ROLLS, CONDIMENTS/SAUCES",CHEESE,0.045619701251513926,0.16431166733952363,0.025433992733144933,0.5575221238938053,3.3930769063512423,1.0,0.017938143556977728,1.8886556318126766,0.7389949775736578,0.13785557986870894,0.47052285066906074,0.35615663934248004,"BAKED BREAD/BUNS/ROLLS, CONDIMENTS/SAUCES",CHEESE
"CHEESE, FLUID MILK PRODUCTS, SOFT DRINKS",BAKED BREAD/BUNS/ROLLS,0.034181133091104834,0.2228502220427937,0.025837706903512312,0.7559055118110235,3.3919890448476546,1.0,0.018220433804485316,3.1838071548569404,0.7301449073429008,0.11175785797438882,0.6859106248082625,0.43592377039826535,"CHEESE, FLUID MILK PRODUCTS, SOFT DRINKS",BAKED BREAD/BUNS/ROLLS
"BAKED BREAD/BUNS/ROLLS, COOKIES/CONES",CHEESE,0.03794913201453371,0.16431166733952363,0.020993136859103756,0.5531914893617021,3.366720685869622,1.0,0.014757651703708026,1.8703500778591615,0.7307046709060977,0.1158129175946548,0.465340733888375,0.340477808562915,"BAKED BREAD/BUNS/ROLLS, COOKIES/CONES",CHEESE
"BAKED BREAD/BUNS/ROLLS, VEGETABLES - SHELF STABLE",CHEESE,0.03808370340465617,0.16431166733952363,0.020993136859103756,0.5512367491166078,3.354824146343581,1.0,0.014735540054220807,1.8622031349835813,0.7297119151134259,0.11572700296735905,0.46300165582697467,0.3395004384403678,"BAKED BREAD/BUNS/ROLLS, VEGETABLES - SHELF STABLE",CHEESE
"CHEESE, SOUP",BAKED BREAD/BUNS/ROLLS,0.027721706365226754,0.2228502220427937,0.020723994078858835,0.7475728155339806,3.3545975798508514,1.0,0.014546205659962926,3.078708735753548,0.7219143486271514,0.09016393442622951,0.6751885008195688,0.4202839923080531,"CHEESE, SOUP",BAKED BREAD/BUNS/ROLLS
"BAG SNACKS, CHEESE, SOFT DRINKS",BAKED BREAD/BUNS/ROLLS,0.031220562508410713,0.2228502220427937,0.023280850491185574,0.7456896551724137,3.3461472388805595,1.0,0.016323341203885327,3.0559109912893523,0.7237445470509312,0.10087463556851313,0.6727653381101656,0.4250791271031151,"BAG SNACKS, CHEESE, SOFT DRINKS",BAKED BREAD/BUNS/ROLLS
HISPANIC,CHEESE,0.04925312878482035,0.16431166733952363,0.027048849414614454,0.5491803278688525,3.3423087767350066,1.0,0.018955985702292337,1.853708665174148,0.7371106252178597,0.145021645021645,0.46054090441118245,0.35689974624400855,HISPANIC,CHEESE
"BAKED BREAD/BUNS/ROLLS, COOKIES/CONES",BAG SNACKS,0.03794913201453371,0.1586596689543803,0.020051137128246535,0.5283687943262412,3.3302022990994895,1.0,0.014030140405714542,1.7838945365027425,0.7273190693587408,0.11356707317073172,0.43942874450388647,0.32737354050493567,"BAKED BREAD/BUNS/ROLLS, COOKIES/CONES",BAG SNACKS
"BAKED BREAD/BUNS/ROLLS, FROZEN PIZZA",CHEESE,0.03794913201453371,0.16431166733952363,0.020723994078858835,0.5460992907801419,3.323557600153345,1.0,0.014488508923463105,1.841125857892612,0.7266950422636533,0.11415863602668644,0.45685407887073015,0.336112708453134,"BAKED BREAD/BUNS/ROLLS, FROZEN PIZZA",CHEESE
"BEEF, CHEESE, FLUID MILK PRODUCTS",BAKED BREAD/BUNS/ROLLS,0.031489705288655634,0.2228502220427937,0.023280850491185574,0.7393162393162392,3.317547689830298,1.0,0.016263362675546532,2.98119750888502,0.7212856031053401,0.10075713453698311,0.6645643245643245,0.42189241917502784,"BEEF, CHEESE, FLUID MILK PRODUCTS",BAKED BREAD/BUNS/ROLLS
"BAKED BREAD/BUNS/ROLLS, COLD CEREAL",CHEESE,0.04884941461445297,0.16431166733952363,0.026510563854124612,0.5426997245179063,3.302867856586864,1.0,0.018484035090264153,1.8274389443117642,0.7330414623426094,0.14203316510454217,0.4527860954738424,0.3520214429305338,"BAKED BREAD/BUNS/ROLLS, COLD CEREAL",CHEESE
"BAG SNACKS, FLUID MILK PRODUCTS, SOFT DRINKS",BAKED BREAD/BUNS/ROLLS,0.03350827614049253,0.2228502220427937,0.024626564392410174,0.7349397590361446,3.297909027414004,1.0,0.017159237614230168,2.931974162293097,0.7209348507881727,0.10627177700348434,0.6589328743545612,0.4227235027064781,"BAG SNACKS, FLUID MILK PRODUCTS, SOFT DRINKS",BAKED BREAD/BUNS/ROLLS
"CANNED JUICES, FLUID MILK PRODUCTS",CHEESE,0.03700713228367649,0.16431166733952363,0.020051137128246535,0.5418181818181819,3.2975027920482467,1.0,0.013970433519261338,1.8239229482669128,0.7235154429942864,0.11061618411284335,0.4517312252964427,0.3319246519246519,"CANNED JUICES, FLUID MILK PRODUCTS",CHEESE
"BAG SNACKS, FLUID MILK PRODUCTS",CHEESE,0.059211411653882384,0.16431166733952363,0.03202799084914547,0.5409090909090909,3.2919700692427964,1.0,0.022298865074769154,1.8203112196564832,0.7400499321456518,0.1672522839072382,0.4506433904259991,0.3679156429156429,"BAG SNACKS, FLUID MILK PRODUCTS",CHEESE
"BAG SNACKS, BAKED BREAD/BUNS/ROLLS, SOFT DRINKS",CHEESE,0.04319741622930965,0.16431166733952363,0.023280850491185574,0.5389408099688473,3.279991121112616,1.0,0.016183011005788308,1.812540235027114,0.7265042316041072,0.12636961285609935,0.44828810932021,0.3403139758279945,"BAG SNACKS, BAKED BREAD/BUNS/ROLLS, SOFT DRINKS",CHEESE
"BAKED BREAD/BUNS/ROLLS, TOMATOES",CHEESE,0.03727627506392141,0.16431166733952363,0.020051137128246535,0.5379061371841156,3.273694107629126,1.0,0.013926210220286901,1.8084817823980626,0.7214267889743007,0.11045218680504076,0.44705000087200697,0.3299686296076188,"BAKED BREAD/BUNS/ROLLS, TOMATOES",CHEESE
"BAG SNACKS, BAKED BREAD/BUNS/ROLLS",CHEESE,0.07307226483649576,0.16431166733952363,0.03929484591575831,0.5377532228360958,3.2727634716584997,1.0,0.027288220244198448,1.8078835244407918,0.7491930576106152,0.19836956521739132,0.4468670207560432,0.3884507309921675,"BAG SNACKS, BAKED BREAD/BUNS/ROLLS",CHEESE
"CHEESE, CONDIMENTS/SAUCES",BAKED BREAD/BUNS/ROLLS,0.03498856143183959,0.2228502220427937,0.025433992733144933,0.7269230769230769,3.261935618729097,1.0,0.017636784049101552,2.845900595336248,0.7185754792783101,0.10943833236826866,0.6486173826173826,0.42052675585284277,"CHEESE, CONDIMENTS/SAUCES",BAKED BREAD/BUNS/ROLLS
"BAG SNACKS, LUNCHMEAT",BAKED BREAD/BUNS/ROLLS,0.031489705288655634,0.2228502220427937,0.022877136320818194,0.7264957264957265,3.2600179611049174,1.0,0.015859648505179152,2.8414538756560352,0.71579334526641,0.09883720930232559,0.648067488067488,0.4145763656633222,"BAG SNACKS, LUNCHMEAT",BAKED BREAD/BUNS/ROLLS
BACON,CHEESE,0.03794913201453371,0.16431166733952363,0.020320279908491456,0.5354609929078015,3.258812971578929,1.0,0.014084794753095726,1.7989626703072852,0.7204814455594678,0.11168639053254438,0.4441240963442629,0.32956505828846255,BACON,CHEESE
HOT DOGS,BAKED BREAD/BUNS/ROLLS,0.053559413268739066,0.2228502220427937,0.03889113174539093,0.7261306532663317,3.258379761124463,1.0,0.02695540460597068,2.8376661617153047,0.732321724032576,0.16373937677053824,0.6475977289042617,0.45032378073944607,HOT DOGS,BAKED BREAD/BUNS/ROLLS
"BEEF, EGGS",BAKED BREAD/BUNS/ROLLS,0.030278562777553492,0.2228502220427937,0.021935136589960973,0.7244444444444444,3.250813204508857,1.0,0.01518755215184651,2.8203016135543777,0.7140036677002294,0.09487776484284051,0.6454279942279942,0.41143719806763285,"BEEF, EGGS",BAKED BREAD/BUNS/ROLLS
"EGGS, FLUID MILK PRODUCTS",CHEESE,0.054770555779841204,0.16431166733952363,0.029201991656573813,0.5331695331695332,3.244867158872073,1.0,0.020202550315275722,1.790132375751652,0.7319079810629521,0.15379163713678243,0.4413820935560066,0.35544635544635544,"EGGS, FLUID MILK PRODUCTS",CHEESE
"BAKED BREAD/BUNS/ROLLS, BEEF",CHEESE,0.07145740815502624,0.16431166733952363,0.03808370340465617,0.5329566854990584,3.2435717689954977,1.0,0.02634241752694294,1.7893165509786813,0.7449285604547551,0.19264805990469708,0.4411273961261679,0.38236695863814507,"BAKED BREAD/BUNS/ROLLS, BEEF",CHEESE
"LUNCHMEAT, SOFT DRINKS",CHEESE,0.03996770286637061,0.16431166733952363,0.021262279639348673,0.531986531986532,3.2376674194856014,1.0,0.014695119741644662,1.7856074446054784,0.7199087628152581,0.11617647058823528,0.43996649262349746,0.3306943306943307,"LUNCHMEAT, SOFT DRINKS",CHEESE
"BAKED BREAD/BUNS/ROLLS, CHEESE, COLD CEREAL",FLUID MILK PRODUCTS,0.026510563854124612,0.24047907414883596,0.020589422688736373,0.7766497461928934,3.229593880223498,1.0,0.01421418683793289,3.4005823271063482,0.709163879356922,0.0835608956854178,0.7059327186320679,0.4311340504887243,"BAKED BREAD/BUNS/ROLLS, CHEESE, COLD CEREAL",FLUID MILK PRODUCTS
"CONDIMENTS/SAUCES, FLUID MILK PRODUCTS",BAKED BREAD/BUNS/ROLLS,0.03741084645404387,0.2228502220427937,0.02691427802449199,0.7194244604316546,3.228286935668856,1.0,0.018577262585399455,2.769841516309017,0.7170641688801902,0.11534025374855825,0.6389685135008876,0.420098703645779,"CONDIMENTS/SAUCES, FLUID MILK PRODUCTS",BAKED BREAD/BUNS/ROLLS
DINNER MXS:DRY,CHEESE,0.04656170098237115,0.16431166733952363,0.024491993002287715,0.5260115606936416,3.201303773558109,1.0,0.016841362279709976,1.763098555491005,0.7212079381451293,0.13140794223826716,0.4328167322889615,0.33753485487589535,DINNER MXS:DRY,CHEESE
"DELI MEATS, FLUID MILK PRODUCTS",BAKED BREAD/BUNS/ROLLS,0.02974027721706365,0.2228502220427937,0.021127708249226215,0.7104072398190046,3.1878237917240475,1.0,0.014500080867789342,2.6835953270084785,0.7073429507849148,0.09127906976744188,0.6273655756008698,0.40260700155201434,"DELI MEATS, FLUID MILK PRODUCTS",BAKED BREAD/BUNS/ROLLS
"BAKED BREAD/BUNS/ROLLS, HOT DOGS",CHEESE,0.03889113174539093,0.16431166733952363,0.020320279908491456,0.5224913494809689,3.1798797854161176,1.0,0.013930013206685195,1.750100928542592,0.7132622802153477,0.1111111111111111,0.4286043829296425,0.32308023657504625,"BAKED BREAD/BUNS/ROLLS, HOT DOGS",CHEESE
"BAG SNACKS, COLD CEREAL",BAKED BREAD/BUNS/ROLLS,0.029067420266451354,0.2228502220427937,0.020589422688736373,0.7083333333333333,3.1785175120772946,1.0,0.014111741628146487,2.6645135244247067,0.7059068117891647,0.08900523560209422,0.6246969696969696,0.40036231884057966,"BAG SNACKS, COLD CEREAL",BAKED BREAD/BUNS/ROLLS
"BAG SNACKS, CONDIMENTS/SAUCES",BAKED BREAD/BUNS/ROLLS,0.030278562777553492,0.2228502220427937,0.021396851029471135,0.7066666666666667,3.171038647342995,1.0,0.014649266591356671,2.6493742430359304,0.7060232824847219,0.09233449477351918,0.622552380952381,0.4013405797101449,"BAG SNACKS, CONDIMENTS/SAUCES",BAKED BREAD/BUNS/ROLLS
MILK BY-PRODUCTS,CHEESE,0.07038083703404656,0.16431166733952363,0.03660341811330911,0.5200764818355641,3.1651829127928557,1.0,0.02503902543149363,1.7412948126750167,0.7358524004564189,0.18478260869565216,0.4257147079742475,0.3714223523018934,MILK BY-PRODUCTS,CHEESE
"BEEF, FLUID MILK PRODUCTS",CHEESE,0.06069169694522945,0.16431166733952363,0.031489705288655634,0.5188470066518848,3.1577003328666304,1.0,0.02151735136991991,1.7368453365432024,0.7274649180809639,0.1627260083449235,0.42424349539938094,0.3552465991490382,"BEEF, FLUID MILK PRODUCTS",CHEESE
REFRGRATD DOUGH PRODUCTS,CHEESE,0.04360113039967703,0.16431166733952363,0.022607993540573273,0.5185185185185185,3.155701155701155,1.0,0.01544381910671435,1.7356603832179123,0.714255562925888,0.12200435729847493,0.4238504204687779,0.32805532805532805,REFRGRATD DOUGH PRODUCTS,CHEESE
"CHEESE, COLD CEREAL",FLUID MILK PRODUCTS,0.03902570313551339,0.24047907414883596,0.029605705826941192,0.7586206896551725,3.1546224649287,1.0,0.020220840868905608,3.146586692811966,0.7107420656643455,0.11847065158858373,0.682195312690926,0.4408660247380507,"CHEESE, COLD CEREAL",FLUID MILK PRODUCTS
"CHEESE, FRZN MEAT/MEAT DINNERS",BAKED BREAD/BUNS/ROLLS,0.028529134705961513,0.2228502220427937,0.020051137128246535,0.7028301886792453,3.15382314738857,1.0,0.013693413124334239,2.6151706813798055,0.7029799252717707,0.08667830133798719,0.6176157804459691,0.39640301704493663,"CHEESE, FRZN MEAT/MEAT DINNERS",BAKED BREAD/BUNS/ROLLS
"CHEESE, CRACKERS/MISC BKD FD",BAKED BREAD/BUNS/ROLLS,0.03471941865159467,0.2228502220427937,0.024222850222042795,0.6976744186046512,3.1306875631951465,1.0,0.01648562006633821,2.5705723424738363,0.705060644081974,0.10380622837370243,0.6109815765629719,0.40318503538928213,"CHEESE, CRACKERS/MISC BKD FD",BAKED BREAD/BUNS/ROLLS
"FLUID MILK PRODUCTS, SOUP",BAKED BREAD/BUNS/ROLLS,0.03068227694792087,0.2228502220427937,0.021396851029471135,0.6973684210526316,3.129314454614798,1.0,0.014559298798848479,2.5679731793368563,0.7019795211114866,0.09217391304347827,0.6105878332194122,0.3966914569031274,"FLUID MILK PRODUCTS, SOUP",BAKED BREAD/BUNS/ROLLS
"CHEESE, COLD CEREAL, FLUID MILK PRODUCTS",BAKED BREAD/BUNS/ROLLS,0.029605705826941192,0.2228502220427937,0.020589422688736373,0.6954545454545454,3.1207262845849804,1.0,0.013991784571468897,2.5518350917997816,0.7002944847332914,0.08879860708067322,0.608125147579693,0.39392292490118574,"CHEESE, COLD CEREAL, FLUID MILK PRODUCTS",BAKED BREAD/BUNS/ROLLS
"BAKED BREAD/BUNS/ROLLS, REFRGRATD JUICES/DRNKS",CHEESE,0.04804198627371821,0.16431166733952363,0.024626564392410174,0.5126050420168067,3.11971176677059,1.0,0.016732705525473027,1.7146019239068393,0.7137474102810106,0.13118279569892474,0.4167742459302561,0.33124109594697826,"BAKED BREAD/BUNS/ROLLS, REFRGRATD JUICES/DRNKS",CHEESE
"CHEESE, SALD DRSNG/SNDWCH SPRD",BAKED BREAD/BUNS/ROLLS,0.03337370475037007,0.2228502220427937,0.023146279101063115,0.6935483870967742,3.112172744273025,1.0,0.015708941587052508,2.535962433334042,0.7021131936193015,0.09930715935334875,0.6056723921240051,0.3987065606981456,"CHEESE, SALD DRSNG/SNDWCH SPRD",BAKED BREAD/BUNS/ROLLS
DRY NOODLES/PASTA,CHEESE,0.04763827210335083,0.16431166733952363,0.024357421612165253,0.5112994350282486,3.1117658490539846,1.0,0.016529897693689764,1.7100212124960037,0.7125853964714892,0.1298421807747489,0.415211932640083,0.3297692916336984,DRY NOODLES/PASTA,CHEESE
"BAG SNACKS, BEEF",BAKED BREAD/BUNS/ROLLS,0.04629255820212623,0.2228502220427937,0.03202799084914547,0.691860465116279,3.10459850016852,1.0,0.021711683974872685,2.5220709775214987,0.7108020010600542,0.13507377979568672,0.6035004530353366,0.417790135939782,"BAG SNACKS, BEEF",BAKED BREAD/BUNS/ROLLS
"BAKED BREAD/BUNS/ROLLS, FLUID MILK PRODUCTS, SOFT DRINKS",CHEESE,0.05073341407616741,0.16431166733952363,0.025837706903512312,0.5092838196286471,3.099498823636754,1.0,0.017501615046830787,1.7029973049351326,0.7135689856818825,0.13655761024182075,0.4128000102512845,0.33326598843840216,"BAKED BREAD/BUNS/ROLLS, FLUID MILK PRODUCTS, SOFT DRINKS",CHEESE
"CONDIMENTS/SAUCES, SOFT DRINKS",BAKED BREAD/BUNS/ROLLS,0.03767998923428879,0.2228502220427937,0.025972278293634774,0.6892857142857144,3.093044772256729,1.0,0.017575284326203443,2.5011716991726187,0.7031901766700988,0.11072862880091797,0.600187384044527,0.40291580400276056,"CONDIMENTS/SAUCES, SOFT DRINKS",BAKED BREAD/BUNS/ROLLS
MARGARINES,CHEESE,0.045081415691024085,0.16431166733952363,0.022877136320818194,0.5074626865671642,3.0884154167736257,1.0,0.015469733742599863,1.6967005541894522,0.7081329995357781,0.12265512265512266,0.41062080899848585,0.32334641289865174,MARGARINES,CHEESE
"CONVENIENT BRKFST/WHLSM SNACKS, FLUID MILK PRODUCTS",BAKED BREAD/BUNS/ROLLS,0.02974027721706365,0.2228502220427937,0.020454851298613914,0.6877828054298643,3.0863007410321988,1.0,0.013827223917177042,2.48913189751511,0.6967077888897001,0.08811594202898551,0.5982535111946876,0.3897851225216954,"CONVENIENT BRKFST/WHLSM SNACKS, FLUID MILK PRODUCTS",BAKED BREAD/BUNS/ROLLS
"FLUID MILK PRODUCTS, SALD DRSNG/SNDWCH SPRD",BAKED BREAD/BUNS/ROLLS,0.03566141838245189,0.2228502220427937,0.024357421612165253,0.6830188679245283,3.0649234345091605,1.0,0.016410266607274883,2.451722513793567,0.6986421453055635,0.10402298850574712,0.5921234991423671,0.39615919241637043,"FLUID MILK PRODUCTS, SALD DRSNG/SNDWCH SPRD",BAKED BREAD/BUNS/ROLLS
"BEEF, CONDIMENTS/SAUCES",BAKED BREAD/BUNS/ROLLS,0.03391199031085991,0.2228502220427937,0.023146279101063115,0.6825396825396826,3.0627731769036117,1.0,0.015588984530374914,2.4480218005652,0.6971399138961505,0.0990783410138249,0.5915069057926201,0.39320220841959974,"BEEF, CONDIMENTS/SAUCES",BAKED BREAD/BUNS/ROLLS
"SALD DRSNG/SNDWCH SPRD, SOFT DRINKS",BAKED BREAD/BUNS/ROLLS,0.03000941999730857,0.2228502220427937,0.020454851298613914,0.6816143497757847,3.0586209137583675,1.0,0.013767245388838245,2.440907049076859,0.6938781470880308,0.08801389693109439,0.5903162308543474,0.38670089469465563,"SALD DRSNG/SNDWCH SPRD, SOFT DRINKS",BAKED BREAD/BUNS/ROLLS
"CHEESE, COLD CEREAL",BAKED BREAD/BUNS/ROLLS,0.03902570313551339,0.2228502220427937,0.026510563854124612,0.6793103448275862,3.048282108945527,1.0,0.017813677244999306,2.4233702753504285,0.699234491323074,0.11263579188107489,0.5873515450067175,0.3991358487422955,"CHEESE, COLD CEREAL",BAKED BREAD/BUNS/ROLLS
"FLUID MILK PRODUCTS, LUNCHMEAT",BAKED BREAD/BUNS/ROLLS,0.04400484457004441,0.2228502220427937,0.029874848607186113,0.6788990825688074,3.0464366440632897,1.0,0.02006835922379309,2.420266451352443,0.7026684623813001,0.12606473594548553,0.5868223519599667,0.4064785267916501,"FLUID MILK PRODUCTS, LUNCHMEAT",BAKED BREAD/BUNS/ROLLS
"FLUID MILK PRODUCTS, MILK BY-PRODUCTS",BAKED BREAD/BUNS/ROLLS,0.032431705019512855,0.2228502220427937,0.021935136589960973,0.6763485477178423,3.034991580972999,1.0,0.014707723925136147,2.401193544713932,0.6929844620596091,0.09400230680507496,0.58354044295953,0.38738924970433175,"FLUID MILK PRODUCTS, MILK BY-PRODUCTS",BAKED BREAD/BUNS/ROLLS
"COLD CEREAL, SOFT DRINKS",BAKED BREAD/BUNS/ROLLS,0.03606513255281927,0.2228502220427937,0.024222850222042795,0.6716417910447762,3.0138708630759248,1.0,0.016185727424644233,2.366774323778765,0.6932011726930057,0.10321100917431192,0.5774840085287847,0.3901687216093446,"COLD CEREAL, SOFT DRINKS",BAKED BREAD/BUNS/ROLLS
"CHEESE, LUNCHMEAT",BAKED BREAD/BUNS/ROLLS,0.04171713093796259,0.2228502220427937,0.02799084914547167,0.6709677419354838,3.0108461898083214,1.0,0.01869417725295841,2.3619257957522932,0.6969418729003057,0.11831626848691695,0.5766166736489317,0.39828580333489166,"CHEESE, LUNCHMEAT",BAKED BREAD/BUNS/ROLLS
DINNER MXS:DRY,BAKED BREAD/BUNS/ROLLS,0.04656170098237115,0.2228502220427937,0.031220562508410713,0.6705202312138728,3.008838066515875,1.0,0.020844277105799138,2.358717747133275,0.7002506509624511,0.1310734463276836,0.5760408377749419,0.4053084247856804,DINNER MXS:DRY,BAKED BREAD/BUNS/ROLLS
"BAG SNACKS, FLUID MILK PRODUCTS",BAKED BREAD/BUNS/ROLLS,0.059211411653882384,0.2228502220427937,0.03969856008612569,0.6704545454545455,3.0085433135704878,1.0,0.026503283851590738,2.35824760207704,0.7096315117014855,0.16379789006107717,0.575956316410862,0.4242973210364515,"BAG SNACKS, FLUID MILK PRODUCTS",BAKED BREAD/BUNS/ROLLS
"BAKED BREAD/BUNS/ROLLS, COLD CEREAL",FLUID MILK PRODUCTS,0.04884941461445297,0.24047907414883596,0.03525770421208451,0.721763085399449,3.0013550574165113,1.0,0.023510442212888245,2.7297633275640845,0.7010637125934759,0.13877118644067796,0.633667875195483,0.4341887615021867,"BAKED BREAD/BUNS/ROLLS, COLD CEREAL",FLUID MILK PRODUCTS
"LUNCHMEAT, SOFT DRINKS",BAKED BREAD/BUNS/ROLLS,0.03996770286637061,0.2228502220427937,0.026645135244247074,0.6666666666666667,2.991545893719807,1.0,0.017738323785935983,2.3314493338716193,0.6934398654331372,0.11282051282051282,0.5710822510822512,0.39311594202898553,"LUNCHMEAT, SOFT DRINKS",BAKED BREAD/BUNS/ROLLS
"EGGS, SOFT DRINKS",BAKED BREAD/BUNS/ROLLS,0.03310456197012515,0.2228502220427937,0.022069707980083435,0.6666666666666667,2.991545893719807,1.0,0.014692348994411622,2.3314493338716193,0.6885177453027139,0.094361334867664,0.5710822510822512,0.38285024154589375,"EGGS, SOFT DRINKS",BAKED BREAD/BUNS/ROLLS
"COLD CEREAL, TROPICAL FRUIT",FLUID MILK PRODUCTS,0.03108599111828825,0.24047907414883596,0.022338850760328353,0.7186147186147186,2.9882629960973555,1.0,0.014863320397203457,2.6992205211018288,0.6867043172690763,0.08963282937365011,0.6295226743490386,0.4057539177852552,"COLD CEREAL, TROPICAL FRUIT",FLUID MILK PRODUCTS
"FLUID MILK PRODUCTS, VEGETABLES - SHELF STABLE",BAKED BREAD/BUNS/ROLLS,0.03579598977257435,0.2228502220427937,0.023819136051675415,0.6654135338345865,2.985922687152664,1.0,0.01584199178261565,2.3227173138945716,0.6897867458336783,0.101432664756447,0.5694697783419588,0.3861487959028005,"FLUID MILK PRODUCTS, VEGETABLES - SHELF STABLE",BAKED BREAD/BUNS/ROLLS
"CRACKERS/MISC BKD FD, FLUID MILK PRODUCTS",BAKED BREAD/BUNS/ROLLS,0.035930561162696814,0.2228502220427937,0.023819136051675415,0.6629213483146067,2.974739456114639,1.0,0.01581200251844625,2.305544341273045,0.6885770661215682,0.1013745704467354,0.5662629505326134,0.3849027031428106,"CRACKERS/MISC BKD FD, FLUID MILK PRODUCTS",BAKED BREAD/BUNS/ROLLS
"BAG SNACKS, COOKIES/CONES",BAKED BREAD/BUNS/ROLLS,0.030278562777553492,0.2228502220427937,0.020051137128246535,0.6622222222222223,2.971602254428342,1.0,0.013303552690132071,2.3007723689522557,0.6841977323147935,0.08602771362586606,0.5653633477633478,0.3760990338164251,"BAG SNACKS, COOKIES/CONES",BAKED BREAD/BUNS/ROLLS
"BAG SNACKS, CHEESE",BAKED BREAD/BUNS/ROLLS,0.059345983044004846,0.2228502220427937,0.03929484591575831,0.6621315192743764,2.9711952413815768,1.0,0.026069580417053963,2.3001547119404564,0.7052913163619261,0.1617728531855956,0.5652466354507171,0.4192300108449177,"BAG SNACKS, CHEESE",BAKED BREAD/BUNS/ROLLS
"BAKED BREAD/BUNS/ROLLS, CONVENIENT BRKFST/WHLSM SNACKS",FLUID MILK PRODUCTS,0.02866370609608397,0.24047907414883596,0.020454851298613914,0.7136150234741784,2.967472433932076,1.0,0.013561829794953295,2.6520976591196384,0.6825780942380889,0.08225108225108224,0.622939978638664,0.3993368905843192,"BAKED BREAD/BUNS/ROLLS, CONVENIENT BRKFST/WHLSM SNACKS",FLUID MILK PRODUCTS
"BEEF, CHEESE",BAKED BREAD/BUNS/ROLLS,0.05759655497241287,0.2228502220427937,0.03808370340465617,0.6612149532710281,2.967082317486117,1.0,0.02524829834015399,2.29393175838403,0.7034869962343245,0.15713492504164353,0.5640672411700449,0.4160543365388957,"BEEF, CHEESE",BAKED BREAD/BUNS/ROLLS
"COOKIES/CONES, FLUID MILK PRODUCTS",BAKED BREAD/BUNS/ROLLS,0.03445027587134975,0.2228502220427937,0.022742564930695736,0.66015625,2.9623315783514492,1.0,0.015065313303329945,2.2867855535292505,0.686063130115663,0.09695926563396444,0.5627049512987014,0.3811046950483092,"COOKIES/CONES, FLUID MILK PRODUCTS",BAKED BREAD/BUNS/ROLLS
"CHEESE, FRZN MEAT/MEAT DINNERS",FLUID MILK PRODUCTS,0.028529134705961513,0.24047907414883596,0.020320279908491456,0.7122641509433962,2.9618550115614872,1.0,0.013459620008134408,2.639646496400767,0.6818256458994797,0.0817099567099567,0.6211613936322427,0.39838165577388057,"CHEESE, FRZN MEAT/MEAT DINNERS",FLUID MILK PRODUCTS
"FLUID MILK PRODUCTS, TOMATOES",BAKED BREAD/BUNS/ROLLS,0.03162427667877809,0.2228502220427937,0.020858565468981294,0.6595744680851064,2.959720937403639,1.0,0.013811088389172855,2.282877472749294,0.6837535189800786,0.08928571428571429,0.5619563415308096,0.37658675095076577,"FLUID MILK PRODUCTS, TOMATOES",BAKED BREAD/BUNS/ROLLS
"CHEESE, FROZEN PIZZA",BAKED BREAD/BUNS/ROLLS,0.031489705288655634,0.2228502220427937,0.020723994078858835,0.6581196581196581,2.9531927412362196,1.0,0.013706506263219792,2.2731631005248283,0.6828873502487508,0.08870967741935484,0.56008436008436,0.37555741360089184,"CHEESE, FROZEN PIZZA",BAKED BREAD/BUNS/ROLLS
"COLD CEREAL, TROPICAL FRUIT",BAKED BREAD/BUNS/ROLLS,0.03108599111828825,0.2228502220427937,0.020320279908491456,0.6536796536796537,2.9332690256603304,1.0,0.013392759885360607,2.244019983851434,0.6802290286975718,0.0869815668202765,0.5543711699555857,0.3724316142794404,"COLD CEREAL, TROPICAL FRUIT",BAKED BREAD/BUNS/ROLLS
"CHEESE, VEGETABLES - SHELF STABLE",BAKED BREAD/BUNS/ROLLS,0.03216256223926793,0.2228502220427937,0.020993136859103756,0.6527196652719666,2.9289612515917773,1.0,0.013825702722617725,2.237816830503281,0.6804676135877471,0.08970672800460035,0.5531359017551487,0.3734612819113456,"CHEESE, VEGETABLES - SHELF STABLE",BAKED BREAD/BUNS/ROLLS
"BEEF, VEGETABLES - SHELF STABLE",BAKED BREAD/BUNS/ROLLS,0.03216256223926793,0.2228502220427937,0.020993136859103756,0.6527196652719666,2.9289612515917773,1.0,0.013825702722617725,2.237816830503281,0.6804676135877471,0.08970672800460035,0.5531359017551487,0.3734612819113456,"BEEF, VEGETABLES - SHELF STABLE",BAKED BREAD/BUNS/ROLLS
"BAKED BREAD/BUNS/ROLLS, SOFT DRINKS, TROPICAL FRUIT",FLUID MILK PRODUCTS,0.02866370609608397,0.24047907414883596,0.020185708518368994,0.704225352112676,2.928426744011917,1.0,0.013292687014708374,2.5679040826396493,0.6779523413688001,0.08108108108108107,0.6105773549874726,0.39408245781347284,"BAKED BREAD/BUNS/ROLLS, SOFT DRINKS, TROPICAL FRUIT",FLUID MILK PRODUCTS
"BAKED BREAD/BUNS/ROLLS, EGGS",FLUID MILK PRODUCTS,0.04844570044408559,0.24047907414883596,0.03391199031085991,0.7,2.9108561835478453,1.0,0.022261813121574357,2.5317364195038796,0.6898801947592783,0.13298153034300791,0.6050141743444365,0.42050923335198653,"BAKED BREAD/BUNS/ROLLS, EGGS",FLUID MILK PRODUCTS
"BEEF, FLUID MILK PRODUCTS",BAKED BREAD/BUNS/ROLLS,0.06069169694522945,0.2228502220427937,0.03929484591575831,0.647450110864745,2.9053150808187924,1.0,0.025769687775359984,2.204368238105032,0.6981767869058366,0.16088154269972452,0.5463552855127135,0.411889306640102,"BEEF, FLUID MILK PRODUCTS",BAKED BREAD/BUNS/ROLLS
"BAKED SWEET GOODS, FLUID MILK PRODUCTS",BAKED BREAD/BUNS/ROLLS,0.03350827614049253,0.2228502220427937,0.021665993809716056,0.6465863453815262,2.901439089692102,1.0,0.01419866703153605,2.1989806217198224,0.6780642081393962,0.0923165137614679,0.5452438324727482,0.3719042838018742,"BAKED SWEET GOODS, FLUID MILK PRODUCTS",BAKED BREAD/BUNS/ROLLS
MEAT - SHELF STABLE,BAKED BREAD/BUNS/ROLLS,0.046023415421881306,0.2228502220427937,0.02974027721706365,0.6461988304093568,2.8997001864564798,1.0,0.019483948871129666,2.196572099680699,0.6867430197444386,0.12436691052335395,0.5447451963241438,0.38982646834477497,MEAT - SHELF STABLE,BAKED BREAD/BUNS/ROLLS
"BEEF, TROPICAL FRUIT",BAKED BREAD/BUNS/ROLLS,0.03512313282196205,0.2228502220427937,0.022607993540573273,0.6436781609195402,2.8883891387639515,1.0,0.014780795592360495,2.1810332478153853,0.6775851763299462,0.09605488850771869,0.5415017166741305,0.37256371814092953,"BEEF, TROPICAL FRUIT",BAKED BREAD/BUNS/ROLLS
"CHEESE, TROPICAL FRUIT",BAKED BREAD/BUNS/ROLLS,0.04548512986139147,0.2228502220427937,0.029067420266451354,0.6390532544378699,2.867635708772833,1.0,0.01893104897719496,2.153087089750293,0.6823158983034917,0.12148481439820023,0.535550603242911,0.38474401852328277,"CHEESE, TROPICAL FRUIT",BAKED BREAD/BUNS/ROLLS
"CHEESE, SOFT DRINKS",BAKED BREAD/BUNS/ROLLS,0.065536266989638,0.2228502220427937,0.04185170232808505,0.6386036960985626,2.8656183971669194,1.0,0.02724693067758841,2.1504087605974966,0.6966939003067258,0.16975982532751094,0.5349721325902024,0.4132028142328562,"CHEESE, SOFT DRINKS",BAKED BREAD/BUNS/ROLLS
"SOFT DRINKS, TROPICAL FRUIT",BAKED BREAD/BUNS/ROLLS,0.04494684430090163,0.2228502220427937,0.02866370609608397,0.6377245508982036,2.861673392345743,1.0,0.018647291863505167,2.1451902961793956,0.681170579911766,0.11986494091164886,0.5338408896492729,0.38317386965200034,"SOFT DRINKS, TROPICAL FRUIT",BAKED BREAD/BUNS/ROLLS
"CRACKERS/MISC BKD FD, SOFT DRINKS",BAKED BREAD/BUNS/ROLLS,0.03485399004171713,0.2228502220427937,0.022204279370205894,0.637065637065637,2.858716635890549,1.0,0.01443705995033191,2.141295664796983,0.6736728692389595,0.09428571428571428,0.5329930301358872,0.36835165911252865,"CRACKERS/MISC BKD FD, SOFT DRINKS",BAKED BREAD/BUNS/ROLLS
"FLUID MILK PRODUCTS, FRZN MEAT/MEAT DINNERS",BAKED BREAD/BUNS/ROLLS,0.04225541649845243,0.2228502220427937,0.02691427802449199,0.6369426751592356,2.8581648666112804,1.0,0.017497649075301137,2.1405704410400244,0.6788084867219333,0.11299435028248586,0.5328348085035983,0.3788578110095695,"FLUID MILK PRODUCTS, FRZN MEAT/MEAT DINNERS",BAKED BREAD/BUNS/ROLLS
"BAG SNACKS, FROZEN PIZZA",BAKED BREAD/BUNS/ROLLS,0.03391199031085991,0.2228502220427937,0.021531422419593594,0.6349206349206349,2.849091327352197,1.0,0.013974127848905393,2.12871460918713,0.6717927287923109,0.09153318077803205,0.530232941661513,0.3657694962042788,"BAG SNACKS, FROZEN PIZZA",BAKED BREAD/BUNS/ROLLS
CHEESES,BAKED BREAD/BUNS/ROLLS,0.03794913201453371,0.2228502220427937,0.024088278831920332,0.6347517730496454,2.84833359029705,1.0,0.015631306336150202,2.127730460038176,0.6745147776264367,0.10176236498010233,0.5300156581007645,0.37142178024462946,CHEESES,BAKED BREAD/BUNS/ROLLS
"BAKED BREAD/BUNS/ROLLS, YOGURT",FLUID MILK PRODUCTS,0.03068227694792087,0.24047907414883596,0.020993136859103756,0.6842105263157895,2.845197773392631,1.0,0.013614691305889572,2.4051495985286864,0.6690588323241385,0.08391608391608392,0.5842254466783543,0.385753836185315,"BAKED BREAD/BUNS/ROLLS, YOGURT",FLUID MILK PRODUCTS
"BEEF, SOFT DRINKS",BAKED BREAD/BUNS/ROLLS,0.05907684026375992,0.2228502220427937,0.03741084645404387,0.6332574031890661,2.841627876266878,1.0,0.024245559483678316,2.1190605746783455,0.6887799828786856,0.15299944964226747,0.5280927728308139,0.4005658996621659,"BEEF, SOFT DRINKS",BAKED BREAD/BUNS/ROLLS
"CHEESE, REFRGRATD JUICES/DRNKS",BAKED BREAD/BUNS/ROLLS,0.03889113174539093,0.2228502220427937,0.024626564392410174,0.6332179930795847,2.841451030540093,1.0,0.01595966704745426,2.118832885185213,0.6742910788638898,0.10385925085130533,0.5280420617444838,0.3718626197281982,"CHEESE, REFRGRATD JUICES/DRNKS",BAKED BREAD/BUNS/ROLLS
"COLD CEREAL, SOFT DRINKS",FLUID MILK PRODUCTS,0.03606513255281927,0.24047907414883596,0.024491993002287715,0.6791044776119404,2.8239649541882086,1.0,0.015819083316930695,2.3668791642803724,0.670053525979814,0.09717031500266951,0.5775027238012631,0.3904755740046272,"COLD CEREAL, SOFT DRINKS",FLUID MILK PRODUCTS
"CHEESE, SALD DRSNG/SNDWCH SPRD",FLUID MILK PRODUCTS,0.03337370475037007,0.24047907414883596,0.022473422150450815,0.6733870967741936,2.800189992237847,1.0,0.014447744531165213,2.325446785322083,0.6650774741759694,0.08940042826552465,0.5699751091653141,0.3834199054100403,"CHEESE, SALD DRSNG/SNDWCH SPRD",FLUID MILK PRODUCTS
"CHEESE, MILK BY-PRODUCTS",BAKED BREAD/BUNS/ROLLS,0.03660341811330911,0.2228502220427937,0.022742564930695736,0.6213235294117647,2.7880767796248933,1.0,0.014585485076619583,2.0522790252850496,0.6656965907935639,0.09607731665719159,0.5127368220015279,0.36168833475419154,"CHEESE, MILK BY-PRODUCTS",BAKED BREAD/BUNS/ROLLS
"BAG SNACKS, TROPICAL FRUIT",BAKED BREAD/BUNS/ROLLS,0.03714170367379895,0.2228502220427937,0.023011707710940653,0.6195652173913043,2.7801866729678637,1.0,0.01473467080018691,2.042793702058942,0.6650115855676928,0.09710391822827939,0.5104743083003952,0.36141304347826086,"BAG SNACKS, TROPICAL FRUIT",BAKED BREAD/BUNS/ROLLS
"EGGS, FLUID MILK PRODUCTS",BAKED BREAD/BUNS/ROLLS,0.054770555779841204,0.2228502220427937,0.03391199031085991,0.6191646191646192,2.778389060997757,1.0,0.02170635979391508,2.0406449008295677,0.6771680767979174,0.13914964108227498,0.5099588372315645,0.3856692661040487,"EGGS, FLUID MILK PRODUCTS",BAKED BREAD/BUNS/ROLLS
"EGGS, SOFT DRINKS",FLUID MILK PRODUCTS,0.03310456197012515,0.24047907414883596,0.022069707980083435,0.6666666666666667,2.772243984331282,1.0,0.014108753567404974,2.2785627775534927,0.6611691022964509,0.0877474585339754,0.5611268603827074,0.37922029472113417,"EGGS, SOFT DRINKS",FLUID MILK PRODUCTS
"CHEESE, FLUID MILK PRODUCTS",BAKED BREAD/BUNS/ROLLS,0.08060826268335351,0.2228502220427937,0.04979141434531019,0.6176961602671119,2.7717996177203554,1.0,0.03182784510784102,2.0328066244382823,0.695267896702323,0.19628647214854114,0.5080692929774734,0.4205630559789666,"CHEESE, FLUID MILK PRODUCTS",BAKED BREAD/BUNS/ROLLS
"CANNED JUICES, CHEESE",FLUID MILK PRODUCTS,0.030143991387431034,0.24047907414883596,0.020051137128246535,0.6651785714285714,2.766055939723399,1.0,0.012802137988246635,2.2684358318754763,0.6583187672685858,0.08002148227712137,0.5591676052951301,0.374279268926373,"CANNED JUICES, CHEESE",FLUID MILK PRODUCTS
DELI MEATS,BAKED BREAD/BUNS/ROLLS,0.06567083837976047,0.2228502220427937,0.04037141703673799,0.6147540983606556,2.7585976478973624,1.0,0.025736656122071946,2.017282402357003,0.6823044793317009,0.16268980477223427,0.5042835852671917,0.39795675932525537,DELI MEATS,BAKED BREAD/BUNS/ROLLS
DINNER SAUSAGE,BAKED BREAD/BUNS/ROLLS,0.04535055847126901,0.2228502220427937,0.027856277755349212,0.6142433234421365,2.7563056379821957,1.0,0.017749895730262213,2.014611347473681,0.6674654637722017,0.11590145576707726,0.5036263439824271,0.36962166172106825,DINNER SAUSAGE,BAKED BREAD/BUNS/ROLLS
PNT BTR/JELLY/JAMS,BAKED BREAD/BUNS/ROLLS,0.04387027317992195,0.2228502220427937,0.02691427802449199,0.6134969325153374,2.7529563439139326,1.0,0.017137777905268367,2.010720854079756,0.6659704433497536,0.1122334455667789,0.5026659230340212,0.3671349396876204,PNT BTR/JELLY/JAMS,BAKED BREAD/BUNS/ROLLS
"BAKED BREAD/BUNS/ROLLS, FRZN MEAT/MEAT DINNERS",FLUID MILK PRODUCTS,0.04077513120710537,0.24047907414883596,0.02691427802449199,0.6600660066006601,2.7447960240903777,1.0,0.017108712223509986,2.234318840125269,0.6626957070707071,0.10582010582010581,0.5524363031625629,0.38599271230984317,"BAKED BREAD/BUNS/ROLLS, FRZN MEAT/MEAT DINNERS",FLUID MILK PRODUCTS
"CHEESE, EGGS",BAKED BREAD/BUNS/ROLLS,0.04535055847126901,0.2228502220427937,0.027721706365226754,0.6112759643916914,2.742990151808369,1.0,0.01761532434013976,1.999232634897546,0.6656206119762086,0.1152770005595971,0.4998080850899842,0.36783604982869594,"CHEESE, EGGS",BAKED BREAD/BUNS/ROLLS
"BAKED BREAD/BUNS/ROLLS, DINNER MXS:DRY",FLUID MILK PRODUCTS,0.031220562508410713,0.24047907414883596,0.020589422688736373,0.6594827586206896,2.742370665534608,1.0,0.013081530722307905,2.2304918328793675,0.6558272890116364,0.08199356913183278,0.5516683875461277,0.3725505567026224,"BAKED BREAD/BUNS/ROLLS, DINNER MXS:DRY",FLUID MILK PRODUCTS
"CHEESE, TOMATOES",BAKED BREAD/BUNS/ROLLS,0.032835419189880234,0.2228502220427937,0.020051137128246535,0.610655737704918,2.7402069969113803,1.0,0.012733756670913515,1.9960478507532455,0.6566246102442608,0.08509423186750427,0.4990100063870555,0.350315791557773,"CHEESE, TOMATOES",BAKED BREAD/BUNS/ROLLS
"REFRGRATD JUICES/DRNKS, SOFT DRINKS",BAKED BREAD/BUNS/ROLLS,0.03525770421208451,0.2228502220427937,0.021396851029471135,0.6068702290076337,2.723220212412878,1.0,0.01353966381708896,1.9768275905319233,0.6559136954971221,0.09039226833428085,0.49413899078021223,0.3514423608806284,"REFRGRATD JUICES/DRNKS, SOFT DRINKS",BAKED BREAD/BUNS/ROLLS
COLD CEREAL,FLUID MILK PRODUCTS,0.09083568833266048,0.24047907414883596,0.0594805544341273,0.6548148148148147,2.7229596468320585,1.0,0.037636472204216884,2.200328862444359,0.6959716049283491,0.2188118811881188,0.5455224820852035,0.4510783643184314,COLD CEREAL,FLUID MILK PRODUCTS
"FLUID MILK PRODUCTS, FROZEN PIZZA",BAKED BREAD/BUNS/ROLLS,0.03875656035526847,0.2228502220427937,0.023415421881308032,0.6041666666666666,2.7110884661835746,1.0,0.014778513800521519,1.9633257548392578,0.6565916957522919,0.0983050847457627,0.49066017316017313,0.3546195652173913,"FLUID MILK PRODUCTS, FROZEN PIZZA",BAKED BREAD/BUNS/ROLLS
"BAKED BREAD/BUNS/ROLLS, TROPICAL FRUIT",FLUID MILK PRODUCTS,0.05813484053290271,0.24047907414883596,0.03781456062441125,0.6504629629629629,2.704863054156563,1.0,0.023834347997268586,2.172934039521211,0.6691993111369748,0.14499484004127966,0.5397927494290888,0.40385487263984743,"BAKED BREAD/BUNS/ROLLS, TROPICAL FRUIT",FLUID MILK PRODUCTS
"CHEESE, VEGETABLES - SHELF STABLE",FLUID MILK PRODUCTS,0.03216256223926793,0.24047907414883596,0.020858565468981294,0.6485355648535565,2.6968482274352423,1.0,0.01312414227942783,2.1610178723622404,0.6501058523807816,0.08284339925173703,0.5372550996503859,0.3676365569091509,"CHEESE, VEGETABLES - SHELF STABLE",FLUID MILK PRODUCTS
"CHEESE, EGGS",FLUID MILK PRODUCTS,0.04535055847126901,0.24047907414883596,0.029201991656573813,0.6439169139465876,2.6776421866463864,1.0,0.01829613134327039,2.132987933432019,0.6563007097579703,0.11379129522810698,0.5311740941773728,0.38267474124861556,"CHEESE, EGGS",FLUID MILK PRODUCTS
FRUIT - SHELF STABLE,BAKED BREAD/BUNS/ROLLS,0.04723455793298345,0.2228502220427937,0.028125420535594133,0.5954415954415954,2.6719362896899126,1.0,0.01759918881213557,1.9209829018519673,0.6567614143216284,0.11624026696329254,0.47943315943315934,0.3608246624550972,FRUIT - SHELF STABLE,BAKED BREAD/BUNS/ROLLS
"BAKED BREAD/BUNS/ROLLS, MILK BY-PRODUCTS",FLUID MILK PRODUCTS,0.034181133091104834,0.24047907414883596,0.021935136589960973,0.6417322834645668,2.668557693578733,1.0,0.013715289350853943,2.1199814853428087,0.6473944117669685,0.08679446219382322,0.5282977672617285,0.36647330457503663,"BAKED BREAD/BUNS/ROLLS, MILK BY-PRODUCTS",FLUID MILK PRODUCTS
"BAKED BREAD/BUNS/ROLLS, BAKED SWEET GOODS",FLUID MILK PRODUCTS,0.03377741892073745,0.24047907414883596,0.021665993809716056,0.6414342629482073,2.6673184152032055,1.0,0.01354323138051974,2.1182194709849136,0.6469437187494593,0.08577517314864147,0.5279053876626734,0.36576469722676175,"BAKED BREAD/BUNS/ROLLS, BAKED SWEET GOODS",FLUID MILK PRODUCTS
"COLD CEREAL, FLUID MILK PRODUCTS",BAKED BREAD/BUNS/ROLLS,0.0594805544341273,0.2228502220427937,0.03525770421208451,0.5927601809954751,2.6599039281264347,1.0,0.022002449449210766,1.9083344547615844,0.663512673678048,0.14270152505446623,0.47598284068872304,0.3754863706909743,"COLD CEREAL, FLUID MILK PRODUCTS",BAKED BREAD/BUNS/ROLLS
"BAKED BREAD/BUNS/ROLLS, SALD DRSNG/SNDWCH SPRD",FLUID MILK PRODUCTS,0.03821827479477863,0.24047907414883596,0.024357421612165253,0.6373239436619719,2.650226203330785,1.0,0.015166726273951095,2.0942130382692294,0.6474168739037435,0.09576719576719576,0.5224936614727343,0.3693055084845953,"BAKED BREAD/BUNS/ROLLS, SALD DRSNG/SNDWCH SPRD",FLUID MILK PRODUCTS
DRY NOODLES/PASTA,BAKED BREAD/BUNS/ROLLS,0.04763827210335083,0.2228502220427937,0.028125420535594133,0.5903954802259886,2.649292761811185,1.0,0.017509221019627375,1.8973173889438,0.653681005859672,0.11604664075513604,0.47294005429598646,0.35830160484729384,DRY NOODLES/PASTA,BAKED BREAD/BUNS/ROLLS
"FROZEN PIZZA, SOFT DRINKS",BAKED BREAD/BUNS/ROLLS,0.03969856008612569,0.2228502220427937,0.023415421881308032,0.5898305084745762,2.646757553426676,1.0,0.014568588951335735,1.8947040041105438,0.6478999149528374,0.09791783905458636,0.47221307506053256,0.3474514861213461,"FROZEN PIZZA, SOFT DRINKS",BAKED BREAD/BUNS/ROLLS
"BAKED BREAD/BUNS/ROLLS, REFRGRATD JUICES/DRNKS",FLUID MILK PRODUCTS,0.04804198627371821,0.24047907414883596,0.030547705557798413,0.6358543417366946,2.644115060685718,1.0,0.01899461317842357,2.0857613117605043,0.653181782515609,0.11841418883672405,0.5205587550399323,0.38144144059414475,"BAKED BREAD/BUNS/ROLLS, REFRGRATD JUICES/DRNKS",FLUID MILK PRODUCTS
"FLUID MILK PRODUCTS, TROPICAL FRUIT",BAKED BREAD/BUNS/ROLLS,0.06432512447853586,0.2228502220427937,0.03781456062441125,0.5878661087866108,2.6379426656964404,1.0,0.023479692351439187,1.8856730652971805,0.6636030531381778,0.1516459794927145,0.4696853773841221,0.37877604956238753,"FLUID MILK PRODUCTS, TROPICAL FRUIT",BAKED BREAD/BUNS/ROLLS
DRY BN/VEG/POTATO/RICE,BAKED BREAD/BUNS/ROLLS,0.04615798681200377,0.2228502220427937,0.027048849414614454,0.5860058309037901,2.6295950057041453,1.0,0.016762531804511073,1.8771998157698717,0.6497022505980258,0.11179087875417129,0.4672916587785393,0.3536913212489965,DRY BN/VEG/POTATO/RICE,BAKED BREAD/BUNS/ROLLS
"COOKIES/CONES, SOFT DRINKS",BAKED BREAD/BUNS/ROLLS,0.03579598977257435,0.2228502220427937,0.020858565468981294,0.5827067669172932,2.6147910537212593,1.0,0.012881421199921528,1.8623589273569086,0.6404871350426582,0.08771929824561403,0.46304657748266764,0.33815290036685913,"COOKIES/CONES, SOFT DRINKS",BAKED BREAD/BUNS/ROLLS
LUNCHMEAT,BAKED BREAD/BUNS/ROLLS,0.08558740411788454,0.2228502220427937,0.04979141434531019,0.5817610062893082,2.6105471242366236,1.0,0.030718242333573304,1.8581475894014405,0.6746828948153453,0.19250780437044746,0.4618296169239565,0.4025954789900647,LUNCHMEAT,BAKED BREAD/BUNS/ROLLS
"CHEESE, TROPICAL FRUIT",FLUID MILK PRODUCTS,0.04548512986139147,0.24047907414883596,0.028529134705961513,0.6272189349112426,2.6082058787495486,1.0,0.01759091278935452,2.037445023315027,0.6459770328971693,0.11082070047046524,0.509189210723856,0.3729267590057052,"CHEESE, TROPICAL FRUIT",FLUID MILK PRODUCTS
"BAG SNACKS, BAKED BREAD/BUNS/ROLLS, CHEESE",FLUID MILK PRODUCTS,0.03929484591575831,0.24047907414883596,0.024626564392410174,0.6267123287671232,2.6060992249963584,1.0,0.015176976227767447,2.0346799114544942,0.6414920887880549,0.09651898734177215,0.5085222032367989,0.3645592981272662,"BAG SNACKS, BAKED BREAD/BUNS/ROLLS, CHEESE",FLUID MILK PRODUCTS
"BAKED BREAD/BUNS/ROLLS, VEGETABLES - SHELF STABLE",FLUID MILK PRODUCTS,0.03808370340465617,0.24047907414883596,0.023819136051675415,0.6254416961130742,2.600815469399135,1.0,0.014660802316764827,2.0277775661875417,0.6398739799999368,0.09350237717908083,0.5068492636102506,0.36224519052995624,"BAKED BREAD/BUNS/ROLLS, VEGETABLES - SHELF STABLE",FLUID MILK PRODUCTS
"FLUID MILK PRODUCTS, SOFT DRINKS",BAKED BREAD/BUNS/ROLLS,0.0877405463598439,0.2228502220427937,0.05073341407616741,0.5782208588957056,2.594661354138882,1.0,0.031180413837720165,1.8425514735567223,0.6737044461304473,0.19523562920766446,0.4572743207712534,0.40293893186331176,"FLUID MILK PRODUCTS, SOFT DRINKS",BAKED BREAD/BUNS/ROLLS
"CANNED JUICES, FLUID MILK PRODUCTS",BAKED BREAD/BUNS/ROLLS,0.03700713228367649,0.2228502220427937,0.021396851029471135,0.5781818181818182,2.5944861660079055,1.0,0.01314980338288679,1.8423809391226875,0.6381846082453568,0.0897291196388262,0.4572240850059033,0.3370981554677207,"CANNED JUICES, FLUID MILK PRODUCTS",BAKED BREAD/BUNS/ROLLS
"CHEESE, CONDIMENTS/SAUCES",FLUID MILK PRODUCTS,0.03498856143183959,0.24047907414883596,0.021800565199838515,0.6230769230769231,2.590981877663467,1.0,0.013386548340910059,2.015055517564313,0.636309483843533,0.08594164456233422,0.5037357575096767,0.3568658258361672,"CHEESE, CONDIMENTS/SAUCES",FLUID MILK PRODUCTS
BEANS - CANNED GLASS & MW,BAKED BREAD/BUNS/ROLLS,0.03498856143183959,0.2228502220427937,0.020185708518368994,0.5769230769230769,2.58883779264214,1.0,0.012388499834325613,1.8368994751715784,0.6359782457118951,0.08493771234428085,0.45560439560439553,0.3337513935340022,BEANS - CANNED GLASS & MW,BAKED BREAD/BUNS/ROLLS
"BAKED BREAD/BUNS/ROLLS, CHEESE, SOFT DRINKS",FLUID MILK PRODUCTS,0.04185170232808505,0.24047907414883596,0.025837706903512312,0.6173633440514469,2.5672227250399002,1.0,0.015773248276101735,1.9849664532748905,0.6371393668071161,0.10073452256033578,0.49621314841359,0.36240299267485604,"BAKED BREAD/BUNS/ROLLS, CHEESE, SOFT DRINKS",FLUID MILK PRODUCTS
"BAKED BREAD/BUNS/ROLLS, FROZEN PIZZA",FLUID MILK PRODUCTS,0.03794913201453371,0.24047907414883596,0.023415421881308032,0.6170212765957446,2.5658002833704407,1.0,0.014289449749701016,1.9831935286113722,0.6343303379783042,0.09182058047493402,0.4957627757588551,0.35719558513614874,"BAKED BREAD/BUNS/ROLLS, FROZEN PIZZA",FLUID MILK PRODUCTS
"CHEESE, REFRGRATD JUICES/DRNKS",FLUID MILK PRODUCTS,0.03889113174539093,0.24047907414883596,0.023953707441797874,0.615916955017301,2.56120811009153,1.0,0.01460120408706586,1.977491419558436,0.6342249834025027,0.09378292939936775,0.49430880452401915,0.3577626185271172,"CHEESE, REFRGRATD JUICES/DRNKS",FLUID MILK PRODUCTS
"BAKED BREAD/BUNS/ROLLS, BEEF, SOFT DRINKS",FLUID MILK PRODUCTS,0.03741084645404387,0.24047907414883596,0.023011707710940653,0.6151079136690647,2.5578438200754445,1.0,0.01401518199254792,1.9733347419310614,0.632716162931678,0.09028511087645194,0.49324360497427705,0.35539950803766607,"BAKED BREAD/BUNS/ROLLS, BEEF, SOFT DRINKS",FLUID MILK PRODUCTS
PASTA SAUCE,BAKED BREAD/BUNS/ROLLS,0.042928273449064726,0.2228502220427937,0.024357421612165253,0.5673981191222571,2.546096270046795,1.0,0.014790846342127413,1.7964549215097743,0.6344789601576046,0.10089186176142698,0.4433481252290031,0.33834881801523486,PASTA SAUCE,BAKED BREAD/BUNS/ROLLS
BACON,BAKED BREAD/BUNS/ROLLS,0.03794913201453371,0.2228502220427937,0.021531422419593594,0.5673758865248226,2.545996505293452,1.0,0.013074449923823466,1.7963626015076406,0.6311791859001259,0.08998875140607425,0.4433195173620705,0.33199712200637266,BACON,BAKED BREAD/BUNS/ROLLS
"FLUID MILK PRODUCTS, YOGURT",BAKED BREAD/BUNS/ROLLS,0.03700713228367649,0.2228502220427937,0.020993136859103756,0.5672727272727273,2.5455335968379447,1.0,0.01274608921251941,1.7959343608254767,0.6304875951326482,0.08788732394366199,0.44318677685950414,0.33073781291172594,"FLUID MILK PRODUCTS, YOGURT",BAKED BREAD/BUNS/ROLLS
"BAKED BREAD/BUNS/ROLLS, BEEF, CHEESE",FLUID MILK PRODUCTS,0.03808370340465617,0.24047907414883596,0.023280850491185574,0.6113074204946995,2.542039978565256,1.0,0.014122516756274985,1.954040200144358,0.6306319565519761,0.0911966262519768,0.4882398018596939,0.35405885854057867,"BAKED BREAD/BUNS/ROLLS, BEEF, CHEESE",FLUID MILK PRODUCTS
"FRZN MEAT/MEAT DINNERS, SOFT DRINKS",BAKED BREAD/BUNS/ROLLS,0.03969856008612569,0.2228502220427937,0.022473422150450815,0.5661016949152542,2.5402788012773274,1.0,0.013626589220478517,1.7910873788857486,0.6314084275395397,0.09360986547085201,0.4416799471714725,0.33347355277163676,"FRZN MEAT/MEAT DINNERS, SOFT DRINKS",BAKED BREAD/BUNS/ROLLS
"BAKED BREAD/BUNS/ROLLS, CRACKERS/MISC BKD FD",FLUID MILK PRODUCTS,0.03902570313551339,0.24047907414883596,0.023819136051675415,0.610344827586207,2.5380371649653632,1.0,0.01443427109363983,1.9492129955472357,0.6306045221475097,0.0931578947368421,0.4869724333439235,0.35469675626652264,"BAKED BREAD/BUNS/ROLLS, CRACKERS/MISC BKD FD",FLUID MILK PRODUCTS
"BAKED BREAD/BUNS/ROLLS, SOUP",FLUID MILK PRODUCTS,0.03512313282196205,0.24047907414883596,0.021396851029471135,0.6091954022988506,2.5332574339578953,1.0,0.01295047256723911,1.943480016148567,0.62728349253967,0.08417151932239281,0.4854590776900707,0.34908566981198824,"BAKED BREAD/BUNS/ROLLS, SOUP",FLUID MILK PRODUCTS
CONDIMENTS/SAUCES,BAKED BREAD/BUNS/ROLLS,0.08114654824384336,0.2228502220427937,0.045619701251513926,0.5621890547263682,2.5227215372413294,1.0,0.02753617495736716,1.7750807428340734,0.6569085649408215,0.17656249999999998,0.4366453447050462,0.3834495998269522,CONDIMENTS/SAUCES,BAKED BREAD/BUNS/ROLLS
"CHEESE, LUNCHMEAT",FLUID MILK PRODUCTS,0.04171713093796259,0.24047907414883596,0.025299421343022474,0.6064516129032258,2.521847753488456,1.0,0.015267324318915471,1.9299302214250889,0.6297361415292498,0.09848088004190676,0.4818465512905512,0.35582793292055526,"CHEESE, LUNCHMEAT",FLUID MILK PRODUCTS
"BEEF, TROPICAL FRUIT",FLUID MILK PRODUCTS,0.03512313282196205,0.24047907414883596,0.021262279639348673,0.6053639846743295,2.517324997266336,1.0,0.012815901177116647,1.924611278127707,0.6246941369630845,0.08359788359788359,0.48041455884389483,0.34689016245468013,"BEEF, TROPICAL FRUIT",FLUID MILK PRODUCTS
"BAKED BREAD/BUNS/ROLLS, CANNED JUICES",FLUID MILK PRODUCTS,0.03552684699232943,0.24047907414883596,0.021396851029471135,0.6022727272727273,2.5044704176629193,1.0,0.012853387757328397,1.9096526135686411,0.6228415878857764,0.08403805496828753,0.47634454932027576,0.3456243322989266,"BAKED BREAD/BUNS/ROLLS, CANNED JUICES",FLUID MILK PRODUCTS
"FLUID MILK PRODUCTS, REFRGRATD JUICES/DRNKS",BAKED BREAD/BUNS/ROLLS,0.054770555779841204,0.2228502220427937,0.030547705557798413,0.5577395577395577,2.502755225581313,1.0,0.018342075040853584,1.757221997936572,0.6352323813633308,0.12363834422657953,0.4309199400108491,0.347408426212774,"FLUID MILK PRODUCTS, REFRGRATD JUICES/DRNKS",BAKED BREAD/BUNS/ROLLS
"BAKED BREAD/BUNS/ROLLS, LUNCHMEAT",FLUID MILK PRODUCTS,0.04979141434531019,0.24047907414883596,0.029874848607186113,0.6,2.495019585898153,1.0,0.017901055384864847,1.89880231462791,0.6306000094415333,0.11472868217054262,0.47335223245924873,0.36211527700055957,"BAKED BREAD/BUNS/ROLLS, LUNCHMEAT",FLUID MILK PRODUCTS
"BAKED BREAD/BUNS/ROLLS, COOKIES/CONES",FLUID MILK PRODUCTS,0.03794913201453371,0.24047907414883596,0.022742564930695736,0.599290780141844,2.4920703901701415,1.0,0.013616592799088719,1.8954416025666219,0.6223446652446943,0.08894736842105265,0.4724184598217652,0.3469313441839606,"BAKED BREAD/BUNS/ROLLS, COOKIES/CONES",FLUID MILK PRODUCTS
"BAG SNACKS, TROPICAL FRUIT",FLUID MILK PRODUCTS,0.03714170367379895,0.24047907414883596,0.022204279370205894,0.5978260869565217,2.4859796598622905,1.0,0.013272476858420304,1.888538518332624,0.6208017279715393,0.08693361433087461,0.4704900163313099,0.3450798034111092,"BAG SNACKS, TROPICAL FRUIT",FLUID MILK PRODUCTS
"CHEESE, CRACKERS/MISC BKD FD",FLUID MILK PRODUCTS,0.03471941865159467,0.24047907414883596,0.020723994078858835,0.5968992248062016,2.4821254278314964,1.0,0.012374700426537523,1.8841961429769265,0.6185967942555145,0.08143839238498149,0.4692696916255996,0.34153858834042594,"CHEESE, CRACKERS/MISC BKD FD",FLUID MILK PRODUCTS
"SOFT DRINKS, TROPICAL FRUIT",FLUID MILK PRODUCTS,0.04494684430090163,0.24047907414883596,0.026645135244247074,0.592814371257485,2.4651391118155406,1.0,0.015836359740854365,1.8652940384874177,0.6223144506926387,0.1029641185647426,0.46389149412019337,0.35180729754816054,"SOFT DRINKS, TROPICAL FRUIT",FLUID MILK PRODUCTS
"BAKED BREAD/BUNS/ROLLS, CONDIMENTS/SAUCES",FLUID MILK PRODUCTS,0.045619701251513926,0.24047907414883596,0.02691427802449199,0.5899705014749262,2.4533132604701606,1.0,0.01594369450458143,1.852356790385213,0.6207043147208121,0.10384215991692626,0.46014719993979036,0.35094495974697626,"BAKED BREAD/BUNS/ROLLS, CONDIMENTS/SAUCES",FLUID MILK PRODUCTS
HISPANIC,BAKED BREAD/BUNS/ROLLS,0.04925312878482035,0.2228502220427937,0.02691427802449199,0.5464480874316939,2.452086798130989,1.0,0.015938207338492463,1.7134748116405871,0.6228619957537155,0.1097694840834248,0.41639060393158744,0.33361051714579865,HISPANIC,BAKED BREAD/BUNS/ROLLS
EGGS,FLUID MILK PRODUCTS,0.09325797335486476,0.24047907414883596,0.054770555779841204,0.5873015873015873,2.442214938577558,1.0,0.03234396469046651,1.8403776280239745,0.6512719308801231,0.19633381572600095,0.45663325571192337,0.4075288014851529,EGGS,FLUID MILK PRODUCTS
CONVENIENT BRKFST/WHLSM SNACKS,BAKED BREAD/BUNS/ROLLS,0.05275198492800431,0.2228502220427937,0.02866370609608397,0.5433673469387755,2.4382625332741794,1.0,0.016907914541680107,1.7019145975375691,0.62272169742421,0.11607629427792915,0.4124264510999205,0.3359952676722863,CONVENIENT BRKFST/WHLSM SNACKS,BAKED BREAD/BUNS/ROLLS
"BAKED BREAD/BUNS/ROLLS, CHEESE",FLUID MILK PRODUCTS,0.08504911855739469,0.24047907414883596,0.04979141434531019,0.5854430379746836,2.4344864102909196,1.0,0.02933888105745333,1.8321268135035713,0.6440080615988839,0.1805758906783797,0.45418625357722775,0.3962469806549411,"BAKED BREAD/BUNS/ROLLS, CHEESE",FLUID MILK PRODUCTS
COLD CEREAL,BAKED BREAD/BUNS/ROLLS,0.09083568833266048,0.2228502220427937,0.04884941461445297,0.5377777777777778,2.4131803542673107,1.0,0.028606661300109575,1.6813336542343407,0.6441179924548244,0.18445121951219512,0.40523405483405484,0.3784903381642512,COLD CEREAL,BAKED BREAD/BUNS/ROLLS
VEGETABLES SALAD,BAKED BREAD/BUNS/ROLLS,0.04656170098237115,0.2228502220427937,0.025030278562777553,0.5375722543352601,2.4122581050515204,1.0,0.014653993160165978,1.6805863948324586,0.6140414779065267,0.10242290748898678,0.4049695968771113,0.32494554745748516,VEGETABLES SALAD,BAKED BREAD/BUNS/ROLLS
"REFRGRATD JUICES/DRNKS, SOFT DRINKS",FLUID MILK PRODUCTS,0.03525770421208451,0.24047907414883596,0.020320279908491456,0.5763358778625954,2.3966155055383025,1.0,0.01184153984295586,1.7927430862432883,0.6040420537653381,0.07955742887249737,0.4421955897230593,0.3304175192334802,"REFRGRATD JUICES/DRNKS, SOFT DRINKS",FLUID MILK PRODUCTS
MARGARINES,BAKED BREAD/BUNS/ROLLS,0.045081415691024085,0.2228502220427937,0.023819136051675415,0.5283582089552239,2.3709117456197277,1.0,0.013772732554927215,1.647754276048507,0.6055189841973516,0.09757442116868799,0.39311339406861795,0.3176211334631192,MARGARINES,BAKED BREAD/BUNS/ROLLS
"BAG SNACKS, BAKED BREAD/BUNS/ROLLS, SOFT DRINKS",FLUID MILK PRODUCTS,0.04319741622930965,0.24047907414883596,0.024626564392410174,0.5700934579439252,2.3706572389374974,1.0,0.014238489731963889,1.7667117188277075,0.6042793571741486,0.09506493506493506,0.4339766984375103,0.33624986271566715,"BAG SNACKS, BAKED BREAD/BUNS/ROLLS, SOFT DRINKS",FLUID MILK PRODUCTS
"BAG SNACKS, SOFT DRINKS",BAKED BREAD/BUNS/ROLLS,0.08181940519445566,0.2228502220427937,0.04319741622930965,0.5279605263157895,2.369127216819222,1.0,0.0249639436143159,1.6463660801323396,0.6294008308894736,0.16520844055584152,0.39260167464114837,0.3609005530129672,"BAG SNACKS, SOFT DRINKS",BAKED BREAD/BUNS/ROLLS
"FRZN MEAT/MEAT DINNERS, SOFT DRINKS",FLUID MILK PRODUCTS,0.03969856008612569,0.24047907414883596,0.022607993540573273,0.5694915254237288,2.368154183225366,1.0,0.013061320566019835,1.7642415206779007,0.6016133821802263,0.0877742946708464,0.43318418239258133,0.33175191827985545,"FRZN MEAT/MEAT DINNERS, SOFT DRINKS",FLUID MILK PRODUCTS
APPLES,BAKED BREAD/BUNS/ROLLS,0.04319741622930965,0.2228502220427937,0.022607993540573273,0.5233644859813084,2.3485033184342408,1.0,0.012981439742196638,1.6304907106160993,0.6001205545509343,0.09286898839137644,0.38668770481854586,0.3124068806718136,APPLES,BAKED BREAD/BUNS/ROLLS
SOUP,BAKED BREAD/BUNS/ROLLS,0.06715112367110752,0.2228502220427937,0.03512313282196205,0.5230460921843687,2.3470745839505094,1.0,0.020158490001432636,1.6294022655489324,0.6152526016276338,0.13780359028511086,0.38627801056658767,0.34032739391827127,SOUP,BAKED BREAD/BUNS/ROLLS
"CONDIMENTS/SAUCES, SOFT DRINKS",FLUID MILK PRODUCTS,0.03767998923428879,0.24047907414883596,0.021262279639348673,0.5642857142857143,2.3465065153089775,1.0,0.012201030714348799,1.7431627806420158,0.596303252267099,0.08276584599266631,0.426330110357396,0.3263510272603725,"CONDIMENTS/SAUCES, SOFT DRINKS",FLUID MILK PRODUCTS
APPLES,FLUID MILK PRODUCTS,0.04319741622930965,0.24047907414883596,0.024357421612165253,0.5638629283489096,2.344748416654028,1.0,0.013969346951718968,1.7414729799873117,0.5994078840012121,0.09392838609237156,0.42577346218298145,0.3325750008280642,APPLES,FLUID MILK PRODUCTS
CONVENIENT BRKFST/WHLSM SNACKS,FLUID MILK PRODUCTS,0.05275198492800431,0.24047907414883596,0.02974027721706365,0.5637755102040816,2.344384900014846,1.0,0.017054528722063825,1.7411239937640717,0.6053840946915664,0.11287027579162409,0.42565836575594085,0.3437232335575528,CONVENIENT BRKFST/WHLSM SNACKS,FLUID MILK PRODUCTS
PNT BTR/JELLY/JAMS,FLUID MILK PRODUCTS,0.04387027317992195,0.24047907414883596,0.024626564392410174,0.5613496932515337,2.3342974653341617,1.0,0.014076681715446035,1.7314952575348215,0.5978326661359852,0.09481865284974095,0.42246448804963627,0.3318779803694714,PNT BTR/JELLY/JAMS,FLUID MILK PRODUCTS
EGGS,BAKED BREAD/BUNS/ROLLS,0.09325797335486476,0.2228502220427937,0.04844570044408559,0.5194805194805195,2.3310747223790704,1.0,0.02766314037469304,1.6173117000731052,0.6297417631344613,0.1809954751131222,0.381689998313375,0.3684359119141728,EGGS,BAKED BREAD/BUNS/ROLLS
YOGURT,FLUID MILK PRODUCTS,0.06607455255012784,0.24047907414883596,0.03700713228367649,0.560081466395112,2.329023713923938,1.0,0.02111758506162314,1.7265035860783404,0.6110075975897301,0.13729405891163254,0.42079471594296197,0.3569853330856366,YOGURT,FLUID MILK PRODUCTS
"BAKED BREAD/BUNS/ROLLS, TOMATOES",FLUID MILK PRODUCTS,0.03727627506392141,0.24047907414883596,0.020858565468981294,0.5595667870036102,2.326883488653513,1.0,0.011894401353892133,1.7244860365637087,0.5923201096611866,0.08119434258774227,0.42011707906162776,0.3231521679841778,"BAKED BREAD/BUNS/ROLLS, TOMATOES",FLUID MILK PRODUCTS
"CHEESE, MILK BY-PRODUCTS",FLUID MILK PRODUCTS,0.03660341811330911,0.24047907414883596,0.020454851298613914,0.5588235294117647,2.3237927515718093,1.0,0.011652495200042608,1.7215807652626385,0.5913131060645047,0.07970634504457262,0.419138491682995,0.3219411435531124,"CHEESE, MILK BY-PRODUCTS",FLUID MILK PRODUCTS
CHEESE,BAKED BREAD/BUNS/ROLLS,0.16431166733952363,0.2228502220427937,0.08504911855739469,0.5176085176085176,2.3226744531092356,1.0,0.0484322270065602,1.6110354480233426,0.6814284840702011,0.2815144766146993,0.3792811938266483,0.44962551484290614,CHEESE,BAKED BREAD/BUNS/ROLLS
BAKED SWEET GOODS,BAKED BREAD/BUNS/ROLLS,0.06526712420939308,0.2228502220427937,0.03377741892073745,0.5175257731958762,2.3223031525474376,1.0,0.0192326257985796,1.6107591551677136,0.6091504984955082,0.13280423280423279,0.3791747221850314,0.3345479107525275,BAKED SWEET GOODS,BAKED BREAD/BUNS/ROLLS
"BAG SNACKS, FROZEN PIZZA",SOFT DRINKS,0.03391199031085991,0.28367649037814563,0.022338850760328353,0.6587301587301587,2.3221175567000993,1.0,0.012718816367205933,2.098994470054736,0.5893444232424893,0.07566089334548769,0.52358140325452,0.3687388934068251,"BAG SNACKS, FROZEN PIZZA",SOFT DRINKS
VEGETABLES - SHELF STABLE,BAKED BREAD/BUNS/ROLLS,0.0736105503969856,0.2228502220427937,0.03808370340465617,0.5173674588665449,2.321592745674695,1.0,0.021679575903995676,1.6102307899340604,0.6144945107516174,0.14739583333333334,0.37897101070775674,0.3441305893366541,VEGETABLES - SHELF STABLE,BAKED BREAD/BUNS/ROLLS
DINNER MXS:DRY,FLUID MILK PRODUCTS,0.04656170098237115,0.24047907414883596,0.025972278293634774,0.5578034682080926,2.3195509637685148,1.0,0.014775163550599215,1.7176094140163582,0.5966637536062834,0.09948453608247423,0.4177954592938228,0.3329028532982265,DINNER MXS:DRY,FLUID MILK PRODUCTS
TOMATOES,BAKED BREAD/BUNS/ROLLS,0.072264836495761,0.2228502220427937,0.03727627506392141,0.515828677839851,2.314687744582085,1.0,0.021172040204954886,1.6051131952423836,0.6122181272052608,0.14457202505219205,0.37699097922561603,0.34154960462040856,TOMATOES,BAKED BREAD/BUNS/ROLLS
DRY BN/VEG/POTATO/RICE,FLUID MILK PRODUCTS,0.04615798681200377,0.24047907414883596,0.025568564123267395,0.5539358600583091,2.303468033628033,1.0,0.01446853419014255,1.7027168468428058,0.593255465130094,0.09793814432989692,0.41270329129930805,0.330129653588192,DRY BN/VEG/POTATO/RICE,FLUID MILK PRODUCTS
SALD DRSNG/SNDWCH SPRD,BAKED BREAD/BUNS/ROLLS,0.07455255012784281,0.2228502220427937,0.03821827479477863,0.5126353790613719,2.3003583948098156,1.0,0.02160422244493235,1.5945962110677494,0.6108235862755419,0.1474558670820353,0.37288199165455493,0.34206648180121735,SALD DRSNG/SNDWCH SPRD,BAKED BREAD/BUNS/ROLLS
"BAG SNACKS, BAKED BREAD/BUNS/ROLLS, BEEF",SOFT DRINKS,0.03202799084914547,0.28367649037814563,0.020858565468981294,0.6512605042016807,2.295785961443401,1.0,0.011772977431032344,2.0540360878313413,0.5830946753788406,0.0707439525330899,0.5131536364310895,0.36239495798319327,"BAG SNACKS, BAKED BREAD/BUNS/ROLLS, BEEF",SOFT DRINKS
"BAKED BREAD/BUNS/ROLLS, BEEF",FLUID MILK PRODUCTS,0.07145740815502624,0.24047907414883596,0.03929484591575831,0.5499058380414312,2.2867097271885144,1.0,0.02211083456156212,1.687471178355515,0.6059931506849315,0.14412635735439291,0.4073972860534861,0.3566540941746048,"BAKED BREAD/BUNS/ROLLS, BEEF",FLUID MILK PRODUCTS
FRUIT - SHELF STABLE,FLUID MILK PRODUCTS,0.04723455793298345,0.24047907414883596,0.025972278293634774,0.5498575498575499,2.2865089272475956,1.0,0.014613355534081359,1.6872901580617632,0.5905462369368578,0.09922879177377893,0.4073337088928868,0.32892989412295515,FRUIT - SHELF STABLE,FLUID MILK PRODUCTS
REFRGRATD DOUGH PRODUCTS,FLUID MILK PRODUCTS,0.04360113039967703,0.24047907414883596,0.023953707441797874,0.5493827160493827,2.2845343944952226,1.0,0.013468547971440877,1.685512191614912,0.5879074753012934,0.09208484221417484,0.40670853348032654,0.32449549904315805,REFRGRATD DOUGH PRODUCTS,FLUID MILK PRODUCTS
"LUNCHMEAT, SOFT DRINKS",FLUID MILK PRODUCTS,0.03996770286637061,0.24047907414883596,0.021935136589960973,0.5488215488215488,2.282200855787873,1.0,0.012323740408800393,1.6834157834163859,0.5852162202603621,0.08485163977095263,0.40596968981093706,0.3200179372535276,"LUNCHMEAT, SOFT DRINKS",FLUID MILK PRODUCTS
"BEEF, CHEESE",FLUID MILK PRODUCTS,0.05759655497241287,0.24047907414883596,0.031489705288655634,0.5467289719626168,2.2734991553744854,1.0,0.01763893907472725,1.6756441044551453,0.5943838477038533,0.11812216052498738,0.40321456248302723,0.3388373455224388,"BEEF, CHEESE",FLUID MILK PRODUCTS
ONIONS,BAKED BREAD/BUNS/ROLLS,0.05557798412057596,0.2228502220427937,0.028125420535594133,0.5060532687651332,2.2708223672667303,1.0,0.01573985443363292,1.5733473445898345,0.592564437856994,0.11236559139784946,0.36441243986038185,0.31613049911686614,ONIONS,BAKED BREAD/BUNS/ROLLS
"BAG SNACKS, BAKED BREAD/BUNS/ROLLS",FLUID MILK PRODUCTS,0.07307226483649576,0.24047907414883596,0.03969856008612569,0.5432780847145489,2.259149103253393,1.0,0.02212620949228665,1.6629833174886377,0.6012933325459163,0.14496314496314497,0.3986710573199526,0.3541796131463063,"BAG SNACKS, BAKED BREAD/BUNS/ROLLS",FLUID MILK PRODUCTS
PORK,BAKED BREAD/BUNS/ROLLS,0.04279370205894227,0.2228502220427937,0.021531422419593594,0.5031446540880503,2.2577704858262693,1.0,0.011994836413725151,1.5641368948758962,0.5819907212146773,0.08820286659316427,0.3606697704810912,0.2998815057879865,PORK,BAKED BREAD/BUNS/ROLLS
"BAG SNACKS, CHEESE",FLUID MILK PRODUCTS,0.059345983044004846,0.24047907414883596,0.03202799084914547,0.5396825396825397,2.244197511125323,1.0,0.017756523792270665,1.64999373546977,0.589383993940924,0.11959798994974874,0.3939370929094529,0.3364333235625905,"BAG SNACKS, CHEESE",FLUID MILK PRODUCTS
MEAT - SHELF STABLE,FLUID MILK PRODUCTS,0.046023415421881306,0.24047907414883596,0.024761135782532633,0.5380116959064327,2.2372495312147183,1.0,0.013693467452711357,1.6440263078550512,0.5797024784264659,0.09460154241645244,0.3917372275479627,0.3204887802419685,MEAT - SHELF STABLE,FLUID MILK PRODUCTS
"FROZEN PIZZA, SOFT DRINKS",FLUID MILK PRODUCTS,0.03969856008612569,0.24047907414883596,0.021262279639348673,0.535593220338983,2.2271926247000464,1.0,0.011715606664795234,1.6354647673437475,0.5737826034512119,0.08212058212058211,0.38855301565183964,0.3120047802870069,"FROZEN PIZZA, SOFT DRINKS",FLUID MILK PRODUCTS
MARGARINES,FLUID MILK PRODUCTS,0.045081415691024085,0.24047907414883596,0.024088278831920332,0.5343283582089552,2.2219328650535792,1.0,0.013247141725224055,1.631022501026538,0.5759039635202459,0.092125579001544,0.3868876736092746,0.31724811866799185,MARGARINES,FLUID MILK PRODUCTS
"BAKED BREAD/BUNS/ROLLS, SOFT DRINKS",FLUID MILK PRODUCTS,0.09500740142645674,0.24047907414883596,0.05073341407616741,0.5339943342776204,2.2205438713021812,1.0,0.0278861221438463,1.629853415352346,0.6073639474229143,0.1781663516068053,0.38644789121491807,0.37248121862174255,"BAKED BREAD/BUNS/ROLLS, SOFT DRINKS",FLUID MILK PRODUCTS
DRY NOODLES/PASTA,FLUID MILK PRODUCTS,0.04763827210335083,0.24047907414883596,0.025433992733144933,0.5338983050847457,2.22014454677378,1.0,0.013977985163680805,1.6295176227352244,0.5770694693967267,0.09682377049180328,0.38632145731480244,0.31983107755636275,DRY NOODLES/PASTA,FLUID MILK PRODUCTS
PASTA SAUCE,FLUID MILK PRODUCTS,0.042928273449064726,0.24047907414883596,0.022877136320818194,0.5329153605015674,2.2160571034623096,1.0,0.012553784866979053,1.6260884251444385,0.573361509958314,0.08780991735537189,0.3850272933889347,0.31402343290886986,PASTA SAUCE,FLUID MILK PRODUCTS
BACON,FLUID MILK PRODUCTS,0.03794913201453371,0.24047907414883596,0.020185708518368994,0.5319148936170213,2.2118967960090012,1.0,0.011059736386761977,1.6226128870456686,0.5695118198349419,0.0781657113079729,0.383710059260823,0.30792722856564547,BACON,FLUID MILK PRODUCTS
"BAG SNACKS, BAKED BREAD/BUNS/ROLLS, FLUID MILK PRODUCTS",SOFT DRINKS,0.03969856008612569,0.28367649037814563,0.024626564392410174,0.6203389830508474,2.1867831987907245,1.0,0.013365016194112104,1.8867449583789913,0.5651426462299983,0.08243243243243242,0.469986658472825,0.3535755636316856,"BAG SNACKS, BAKED BREAD/BUNS/ROLLS, FLUID MILK PRODUCTS",SOFT DRINKS
"BAKED BREAD/BUNS/ROLLS, DELI MEATS",FLUID MILK PRODUCTS,0.04037141703673799,0.24047907414883596,0.021127708249226215,0.5233333333333333,2.176211527700056,1.0,0.011419227258154922,1.5934005437437007,0.5632239964200446,0.08134715025906737,0.37241141034727143,0.3055950382391345,"BAKED BREAD/BUNS/ROLLS, DELI MEATS",FLUID MILK PRODUCTS
"BAKED BREAD/BUNS/ROLLS, FROZEN PIZZA",SOFT DRINKS,0.03794913201453371,0.28367649037814563,0.023415421881308032,0.6170212765957446,2.175087811377124,1.0,0.012650145298528181,1.87040027512373,0.5615591281153379,0.07851985559566786,0.4653550829199658,0.3497819855464491,"BAKED BREAD/BUNS/ROLLS, FROZEN PIZZA",SOFT DRINKS
"CHEESE, SOFT DRINKS",FLUID MILK PRODUCTS,0.065536266989638,0.24047907414883596,0.034181133091104834,0.5215605749486654,2.168839749548703,1.0,0.018421032282265767,1.5874965274228194,0.5767200596901194,0.12574257425742574,0.3700773622330851,0.33184911791641436,"CHEESE, SOFT DRINKS",FLUID MILK PRODUCTS
REFRGRATD JUICES/DRNKS,FLUID MILK PRODUCTS,0.10510025568564123,0.24047907414883596,0.054770555779841204,0.5211267605633803,2.1670357905688187,1.0,0.029496143599752268,1.586058403983313,0.6017882544198333,0.18833873206848678,0.36950619378924143,0.3744413881160494,REFRGRATD JUICES/DRNKS,FLUID MILK PRODUCTS
SALAD MIX,FLUID MILK PRODUCTS,0.055308841340331046,0.24047907414883596,0.02866370609608397,0.5182481751824817,2.1550655790604485,1.0,0.015363087138316299,1.5765813157819615,0.5673568476385379,0.10730478589420656,0.36571619237792724,0.3187211776863723,SALAD MIX,FLUID MILK PRODUCTS
"BEEF, SOFT DRINKS",FLUID MILK PRODUCTS,0.05907684026375992,0.24047907414883596,0.03041313416767595,0.5148063781321185,2.140753327308211,1.0,0.01620639031740829,1.56539758896085,0.5663318128429964,0.11299999999999999,0.361184655545672,0.3206376602468091,"BEEF, SOFT DRINKS",FLUID MILK PRODUCTS
LUNCHMEAT,FLUID MILK PRODUCTS,0.08558740411788454,0.24047907414883596,0.04400484457004441,0.5141509433962264,2.1380277898026625,1.0,0.023422864868973263,1.563285789130551,0.5820996280319446,0.15601145038167935,0.3603216974446063,0.3485695959286672,LUNCHMEAT,FLUID MILK PRODUCTS
BAKED SWEET GOODS,FLUID MILK PRODUCTS,0.06526712420939308,0.24047907414883596,0.03350827614049253,0.51340206185567,2.1349136662839867,1.0,0.017812898538260607,1.5608798688042989,0.5687154029304664,0.12308452792881858,0.35933570546589017,0.3263708686446789,BAKED SWEET GOODS,FLUID MILK PRODUCTS
TROPICAL FRUIT,FLUID MILK PRODUCTS,0.12663167810523482,0.24047907414883596,0.06432512447853586,0.5079702444208289,2.1123261814724006,1.0,0.03387285576987557,1.5436483611791478,0.6029395078363238,0.2124444444444445,0.3521840691515202,0.3877288267431509,TROPICAL FRUIT,FLUID MILK PRODUCTS
"BAG SNACKS, BEEF",FLUID MILK PRODUCTS,0.04629255820212623,0.24047907414883596,0.023415421881308032,0.505813953488372,2.1033595346234426,1.0,0.012283030344879615,1.5369129323105906,0.5500325186637667,0.08891159938681654,0.34934505463715315,0.30159192358246245,"BAG SNACKS, BEEF",FLUID MILK PRODUCTS
COFFEE,FLUID MILK PRODUCTS,0.04023684564661553,0.24047907414883596,0.020320279908491456,0.5050167224080268,2.1000443560235293,1.0,0.010644160520723731,1.534437546145257,0.5457800492510205,0.0780361757105943,0.34829540471545833,0.29475794150619583,COFFEE,FLUID MILK PRODUCTS
PORK,FLUID MILK PRODUCTS,0.04279370205894227,0.24047907414883596,0.021531422419593594,0.5031446540880503,2.0922596108160616,1.0,0.011240432569058021,1.528656040637153,0.5453869675242513,0.08226221079691516,0.3458306032119599,0.29634009425163566,PORK,FLUID MILK PRODUCTS
"BAG SNACKS, BAKED BREAD/BUNS/ROLLS, CHEESE",SOFT DRINKS,0.03929484591575831,0.28367649037814563,0.023280850491185574,0.5924657534246575,2.088526097579995,1.0,0.012133826511853246,1.7577013849544658,0.5425113376252078,0.07768298158958238,0.4310751481680687,0.3372670323100517,"BAG SNACKS, BAKED BREAD/BUNS/ROLLS, CHEESE",SOFT DRINKS
POTATOES,FLUID MILK PRODUCTS,0.04804198627371821,0.24047907414883596,0.024088278831920332,0.5014005602240896,2.0850070302323505,1.0,0.012535186452545491,1.523308823195874,0.5466473339303736,0.0910941475826972,0.3435342953623689,0.3007842196755591,POTATOES,FLUID MILK PRODUCTS
"BAG SNACKS, BAKED BREAD/BUNS/ROLLS",SOFT DRINKS,0.07307226483649576,0.28367649037814563,0.04319741622930965,0.5911602209944752,2.083923909966767,1.0,0.022468532596510153,1.7520885843453466,0.5611397852963844,0.13776824034334764,0.4292526023313818,0.37171863042133624,"BAG SNACKS, BAKED BREAD/BUNS/ROLLS",SOFT DRINKS
CANNED JUICES,FLUID MILK PRODUCTS,0.07387969317723052,0.24047907414883596,0.03700713228367649,0.5009107468123861,2.0829702068062907,1.0,0.01924061207001602,1.5218138258842666,0.5613917730046762,0.1334303736050461,0.342889397512906,0.3273999732942736,CANNED JUICES,FLUID MILK PRODUCTS
"BAKED BREAD/BUNS/ROLLS, BEEF, FLUID MILK PRODUCTS",SOFT DRINKS,0.03929484591575831,0.28367649037814563,0.023011707710940653,0.5856164383561643,2.0643812872033473,1.0,0.011864683731608325,1.7286484695006727,0.5366822060520867,0.07671601615074022,0.42151338595240595,0.3333679914740973,"BAKED BREAD/BUNS/ROLLS, BEEF, FLUID MILK PRODUCTS",SOFT DRINKS
"BAG SNACKS, BEEF",SOFT DRINKS,0.04629255820212623,0.28367649037814563,0.02691427802449199,0.5813953488372092,2.0495013459247162,1.0,0.013782167583086783,1.7112172729855406,0.5369324114575983,0.08880994671403195,0.4156206720287999,0.3381360045893826,"BAG SNACKS, BEEF",SOFT DRINKS
"BAKED BREAD/BUNS/ROLLS, CONDIMENTS/SAUCES",SOFT DRINKS,0.045619701251513926,0.28367649037814563,0.025972278293634774,0.5693215339233039,2.0069394300683445,1.0,0.013031041550505806,1.6632443134370454,0.5257116681132357,0.08562555456965396,0.39876541773136787,0.3304387555764527,"BAKED BREAD/BUNS/ROLLS, CONDIMENTS/SAUCES",SOFT DRINKS
"BAKED BREAD/BUNS/ROLLS, CRACKERS/MISC BKD FD",SOFT DRINKS,0.03902570313551339,0.28367649037814563,0.022204279370205894,0.5689655172413793,2.00568442059805,1.0,0.011133604870184064,1.661870542322702,0.5217799051995943,0.07389162561576354,0.3982684122901916,0.3236193810115815,"BAKED BREAD/BUNS/ROLLS, CRACKERS/MISC BKD FD",SOFT DRINKS
"BAKED BREAD/BUNS/ROLLS, BEEF, CHEESE",SOFT DRINKS,0.03808370340465617,0.28367649037814563,0.021665993809716056,0.568904593639576,2.0054696562313516,1.0,0.010862542487280958,1.661635682155613,0.5212134219883423,0.07219730941704036,0.3981833618891019,0.3226401526072643,"BAKED BREAD/BUNS/ROLLS, BEEF, CHEESE",SOFT DRINKS
"CONDIMENTS/SAUCES, FLUID MILK PRODUCTS",SOFT DRINKS,0.03741084645404387,0.28367649037814563,0.021262279639348673,0.5683453237410072,2.003498150246406,1.0,0.010649702015189813,1.6594827972906292,0.5203393459768141,0.07091561938958707,0.39740261144456596,0.3216489427054182,"CONDIMENTS/SAUCES, FLUID MILK PRODUCTS",SOFT DRINKS
"BAG SNACKS, FLUID MILK PRODUCTS",SOFT DRINKS,0.059211411653882384,0.28367649037814563,0.03350827614049253,0.5659090909090909,1.994910082801449,1.0,0.016711390692183546,1.650169341537256,0.5301130139209391,0.10830795998260112,0.39400158830461296,0.3420152665171641,"BAG SNACKS, FLUID MILK PRODUCTS",SOFT DRINKS
"BAKED BREAD/BUNS/ROLLS, FRZN MEAT/MEAT DINNERS",SOFT DRINKS,0.04077513120710537,0.28367649037814563,0.022473422150450815,0.5511551155115512,1.9429002198132526,1.0,0.010906476034910764,1.5959266427604548,0.5059350994979738,0.07442067736185384,0.3734047836495091,0.3151885634483752,"BAKED BREAD/BUNS/ROLLS, FRZN MEAT/MEAT DINNERS",SOFT DRINKS
"BAKED BREAD/BUNS/ROLLS, COOKIES/CONES",SOFT DRINKS,0.03794913201453371,0.28367649037814563,0.020858565468981294,0.549645390070922,1.9375782227784728,1.0,0.010093288886201443,1.5905766119162432,0.502979437683592,0.06935123042505592,0.371297180841071,0.3115874009178139,"BAKED BREAD/BUNS/ROLLS, COOKIES/CONES",SOFT DRINKS
"FLUID MILK PRODUCTS, FROZEN PIZZA",SOFT DRINKS,0.03875656035526847,0.28367649037814563,0.021262279639348673,0.548611111111111,1.933932242251739,1.0,0.010267954618637337,1.5869320828545694,0.5023896990414621,0.07059874888293118,0.3698533095372283,0.31178183639047014,"FLUID MILK PRODUCTS, FROZEN PIZZA",SOFT DRINKS
"BAKED BREAD/BUNS/ROLLS, SALD DRSNG/SNDWCH SPRD",SOFT DRINKS,0.03821827479477863,0.28367649037814563,0.020454851298613914,0.5352112676056339,1.8866958868963306,1.0,0.00961322523652357,1.541180884337929,0.48864816301282094,0.06785714285714285,0.3511468964075644,0.3036587647326082,"BAKED BREAD/BUNS/ROLLS, SALD DRSNG/SNDWCH SPRD",SOFT DRINKS
"BAKED BREAD/BUNS/ROLLS, LUNCHMEAT",SOFT DRINKS,0.04979141434531019,0.28367649037814563,0.026645135244247074,0.5351351351351351,1.8864275091030307,1.0,0.012520481571805426,1.5409284800005005,0.4945203343447218,0.08684210526315789,0.3510406141629136,0.31453151443663774,"BAKED BREAD/BUNS/ROLLS, LUNCHMEAT",SOFT DRINKS
"FLUID MILK PRODUCTS, FRZN MEAT/MEAT DINNERS",SOFT DRINKS,0.04225541649845243,0.28367649037814563,0.022607993540573273,0.535031847133758,1.8860634041987452,1.0,0.010621125288825497,1.5405861782278236,0.49052235760118285,0.07453416149068322,0.35089642232781426,0.3073641209103325,"FLUID MILK PRODUCTS, FRZN MEAT/MEAT DINNERS",SOFT DRINKS
"BAKED BREAD/BUNS/ROLLS, FLUID MILK PRODUCTS, TROPICAL FRUIT",SOFT DRINKS,0.03781456062441125,0.28367649037814563,0.020185708518368994,0.5338078291814946,1.8817485667209137,1.0,0.009458606675244391,1.5365412687308477,0.4869948717948718,0.06699419383653415,0.3491876721111566,0.3024826622188308,"BAKED BREAD/BUNS/ROLLS, FLUID MILK PRODUCTS, TROPICAL FRUIT",SOFT DRINKS
DINNER MXS:DRY,SOFT DRINKS,0.04656170098237115,0.28367649037814563,0.024761135782532633,0.5317919075144508,1.8746421559487114,1.0,0.01155267586181693,1.5299255205503801,0.4893498205025927,0.08105726872246695,0.34637341062180804,0.30953921751434116,DINNER MXS:DRY,SOFT DRINKS
"BAG SNACKS, CHEESE",SOFT DRINKS,0.059345983044004846,0.28367649037814563,0.031220562508410713,0.5260770975056689,1.854496637364623,1.0,0.01438550232044648,1.5114768791542474,0.48984016575403283,0.1001294777729823,0.33839543707770536,0.3180670117509369,"BAG SNACKS, CHEESE",SOFT DRINKS
"BAKED BREAD/BUNS/ROLLS, BEEF",SOFT DRINKS,0.07145740815502624,0.28367649037814563,0.03741084645404387,0.5235404896421846,1.8455547336485167,1.0,0.017140059697107343,1.5034299747399393,0.49341570222083203,0.11774671749258786,0.33485428865885286,0.3277095237584737,"BAKED BREAD/BUNS/ROLLS, BEEF",SOFT DRINKS
"BAKED BREAD/BUNS/ROLLS, CHEESE, FLUID MILK PRODUCTS",SOFT DRINKS,0.04979141434531019,0.28367649037814563,0.025837706903512312,0.5189189189189188,1.8292630391302114,1.0,0.011713053231070664,1.4889870705622812,0.47708657886040684,0.08398950131233594,0.32840249605231747,0.3050002564234063,"BAKED BREAD/BUNS/ROLLS, CHEESE, FLUID MILK PRODUCTS",SOFT DRINKS
BAG SNACKS,SOFT DRINKS,0.1586596689543803,0.28367649037814563,0.08181940519445566,0.5156912637828668,1.817885095431918,1.0,0.036811387140918625,1.479063779061587,0.5347541418325082,0.22695035460992907,0.323896633697254,0.40205815561059843,BAG SNACKS,SOFT DRINKS
"CHEESE, LUNCHMEAT",SOFT DRINKS,0.04171713093796259,0.28367649037814563,0.021262279639348673,0.5096774193548387,1.796685437962906,1.0,0.009428110346221888,1.4609229472550975,0.462723021052014,0.06991150442477875,0.31550120293552625,0.29231499051233395,"CHEESE, LUNCHMEAT",SOFT DRINKS
MEAT - SHELF STABLE,SOFT DRINKS,0.046023415421881306,0.28367649037814563,0.023415421881308032,0.5087719298245614,1.7934934585039448,1.0,0.010359660919213321,1.4582300017302035,0.46377340318414634,0.07644991212653776,0.3142371239012429,0.29565731216085755,MEAT - SHELF STABLE,SOFT DRINKS
"BEEF, FLUID MILK PRODUCTS",SOFT DRINKS,0.06069169694522945,0.28367649037814563,0.03041313416767595,0.5011086474501109,1.7664792975340482,1.0,0.013196326583159241,1.4358306792864723,0.4619380277404468,0.09687098156879552,0.30353904925827047,0.30415963681803454,"BEEF, FLUID MILK PRODUCTS",SOFT DRINKS
